Product,Year,Aldi.Price,Aldi.Weight,Aldi.Price/Weight,Aldi.Natural,Aldi.Comment,Kroger.Price,Kroger.Weight,Kroger.Price/Weight,Kroger.Natural,Kroger.Comment,Publix.Price,Publix.Weight,Publix.Price/Weight,Publix.Natural,Publix.Comment,Walmart.Price,Walmart.Weight,Walmart.Price/Weight,Walmart.Comment
Aluminum Foil,2010,$2.29,75 sq ft,,,Kwik 'n Fresh,,,,,,2.99,50 sq ft,,,Publix,,,,
Apple Juice,2010,$1.19,64 fl oz,,,Nature's Nectar,$1.39,64 fl oz,,,Kroger Value,$2.49,2 qt,,,"Publix, pure, not from concentrate",,,,
Apple Sauce,2010,$0.99,25 oz,,,"Sweet Harvest, regular or cinnamon",$1.92,50 oz,,,"Kroger, classic, cinnamon and no sugar added",$2.73,46 oz,,Y,"Mott's, no sugar added",,,,
"Apples, Braeburn, bag",2010,,,,,,$4.98,3 lbs,,,"Kroger, Golden Delicious; best price seen (Braeburn): 1.00/lb individual",$4.99,3 lbs,,,"Independent, Fuji Apples",,,,
"Apples, Gala, bag",2010,$2.99,3 lbs,,,Washington and other growers,$4.49,3 lbs,,,"Kroger, best price seen: 2.99",$3.99,3 lbs,,,Independent,,,,
"Apples, other, bag",2010,$2.99,3 lbs,,,"Washington and other growers, Red Delicious, Golden Delicious, Fuji, Granny Smith",$3.99,3 lbs,,,"Kroger, Red Delicious",$3.69,3 lbs,,,"Independent, Red or Golden Delicious",,,,
Bacon,2010,$2.69,16 oz,,,Premium Pride,$3.69,12 oz,,,Gwaltney,$2.99,12 oz,,,Sunnyland or Carolina Pride,,,,
"Bagles, plain",2010,$1.39,20 oz,,,"L'oven Fresh, 6 ct",$2.19,22 oz,,,"Kroger, 6 ct",$2.49,20 oz,,,"Publix, 6 bagles, also cinnamon and multi-grain",,,,
"Bagles, plain, refrigerated",2010,,,,,,$1.39,14.25 oz,,,"Kroger, 5 ct; best price seen: 1.25 w/ card",$1.79,17.1 oz,,,"Lender's, 6 ct.",,,,
"Baguette, pre-baked",2010,$1.69,10.6 oz,,,"L'oven Fresh, 2 loafs, 300 g",$1.99,17 oz,,,"Kroger Bakery, ""just bake it"" French bread",,,,,,,,,
Barbeque Sauce,2010,$0.79,18 oz,,,"Tate's, original & honey",$0.87,18 oz,,,"Kroger, assorted flavors, best price seen: 0.79 with card",$1.99,28 oz,,,"Publix, original, honey, hickory",,,,
Beef Stew Meat,2010,$3.49,per lb,,,,$3.89,per lb,,,Kroger,$4.49,per lb,,,"Publix Premium, fresh meats",,,,
"Beer, bottle, pilsener, import",2010,$5.99,6 pack,,,"Wernesgrüner, Germany, 6 x 12 oz",$8.89,6 pack,,,"Pilsener Urquell, Czech, 6 x 12 fl oz",$8.69,6 pack,,,Pilsener Urquell,,,,
"Beer, can",2010,,,,,,$23.49,30 pack,,,"Budweiser, 30 x 12 fl oz",$19.99,24 pack,,,"Budweiser, 24 x 12 fl oz",,,,
"Brats, 4-6 pack",2010,$2.29,16 oz,,,"Parkview, 5 brats, cooked, smoked or cheddar",$4.29,16 oz,,,"Johnsonville, 6 ct",$3.99,14 oz,,,"Johnsonville, 6 brats, assorted flavors",,,,
Bread Crumbs,2010,$0.89,15 oz,,,Chef's Cupboard,$1.29,15 oz,,,"Kroger, plain and Italian",$1.79,24 oz,,,"Publix, original and Italian",,,,
"Bread, 12 grain",2010,$1.89,24 oz,,,L'oven Fresh,$3.59,24 oz,,Y,"Nature's Own, best price seen: 2 for 5.00",$3.69,24 oz,,,"Arnold, best price seen: buy 1 get 1 free",,,,
"Breakfast Sausage, frozen",2010,$0.89,7 oz,,,"Appleton, 10 links",$1.79,6.4 oz,,,"Banquet, 10 links, assorted flavors; best price seen: 1.39 w/ card",$2.19,12 oz,,,Hormel; best price seen: 1.50,,,,
"Butter, real, unsalted/salted",2010,$1.89,1 lb,,,Countyside Creamery,$2.29,1 lb,,,Kroger; best price seen: 2.00 w/ card,$2.71,16 oz,,,Publix; best price seen: 2 for 4.00,,,,
Carrots,2010,$1.29,2 lbs,,,Freshire Farms,$0.92,16 oz,,,Kroger Fresh,$0.89,16 oz,,,"Publix, California",,,,
"Cereal, Müsli style",2010,,,,,,$2.39,15.3 oz,,,Kroger,$4.29,17 oz,,,General Mills,,,,
Cheery Pie Filling,2010,$1.89,21 oz,,,Baker's Corner,$2.29,21 oz,,,Kroger,$2.99,21 oz,,,Comstock,,,,
Cheese Singles (imitation),2010,$0.89,10.67 oz,,,"Lynder, 16 slices",$2.18,12 oz,,,"Kroger, 16 ct, assorted flavors",$1.49,8 oz,,,"Publix, 12 slices",,,,
"Cheese, Asiago, sliced",2010,,,,,,,,,,,,,,,,,,,
"Cheese, Boursin",2010,,,,,,,,,,,$3.99,5.2 oz,,,Boursin,,,,
"Cheese, Brie",2010,,,,,,,,,,,$4.69,8 oz,,Y,"Alouette, baby brie",,,,
"Cheese, Brie",2010,,,,,,,,,,,$11.49,per lb,,,Coeur de Lion,,,,
"Cheese, Mexican, shredded",2010,$2.49,12 oz,,,Happy Farms,$4.99,16 oz,,,Kroger; best price seen: 3.99 w/ card,$2.89,8 oz,,,Publix; best price seen: 3 for 5.00,,,,
"Cheese, Mozarella, shredded",2010,$2.99,16 oz,,,Happy Farms,$1.19,8 oz,,,Kroger Value,$2.89,8 oz,,,Publix,,,,
"Cheese, regular (block)",2010,$1.29,8 oz,,,"Happy Farms, assorted varieties",,,,,,$16.09,per lb,,,"Emmentaler, section",,,,
"Cheese, sliced, Jarlsberg",2010,,,,,,,,,,,$4.99,8 oz,64.88,,"Jarlsberg, 10 slices",,,,
"Cheese, sliced, Swiss",2010,$1.99,8 oz,,,"Happy Farms, 10 slices",,,,,,$3.59,6 oz,59.83,,"LandOLakes, 8 slices; see Publix sliced Swiss",,,,
"Chicken Breasts, frozen",2010,$5.49,3 lbs,,,Kirkwood,$8.99,3 lbs,,,Kroger,,,,,,,,,
"Chicken Noodle Soup, condensed",2010,$0.49,10.5 oz,,,Chef's Cupboard,$0.59,10.5 oz,,,"Kroger, best price seen: 0.55 with card",$0.59,10.5 oz,,,Publix,,,,
"Chicken Noodle Soup, regular",2010,$1.39,18.6 oz,,,Chef's Cupboard,$1.63,18.6 oz,,,"Kroger, chunky",$2.29,19 oz,,,Progresso,,,,
"Chicken Nuggets, frozen",2010,$3.99,32 oz,,,Kirkwood,$1.89,10 oz,,,Redi-Serve,$5.99,32 oz,,,Perdue or Fast Fixin',,,,
"Chicken Strips, grilled, frozen",2010,$7.99,32 oz,,,Kirkwood,,,,,,$8.99,22 oz,40.86,,Tyson,,,,
"Chicken Tenders, frozen",2010,$5.99,2.5 lbs,,,Kirkwood,$8.99,3 lbs,,,"Kroger, best price seen: 7.19 w/ card",,,,,,,,,
Chips,2010,$1.29,11 oz,,,"Clancy's, assorted",$3.21,10.5 oz,,,"Lay's, assorted flavors",$2.59,8 oz,,,"Publix, assorted styles",,,,
Chocolate Chip Cookie Dough,2010,$1.79,16 oz,,,"Buehler's, makes 24 cookies",$1.99,16 oz,,,"Kroger, makes 24 cookies; best price seen: 1.79 w/ card; nestle: 2.55; Pillsbury: 2.62",$2.49,16 oz,,,"Publix, makes 24 cookies; Nestle or Pillsbury: 2.89",,,,
Club Soda,2010,,,,,,$0.69,2L,,,Big K,,,,,,,,,
Cocoa Rice Cereal,2010,$1.79,13 oz,,,Millville,$1.89,15 oz,,,Kroger,$2.29,15 oz,,,"Publix, cocoa crisp",,,,
Coconut Milk,2010,,,,,,,,,,,,,,,,,,,
Coffee,2010,$3.99,17.6 oz,,,"Grandessa, 500 g",$3.39,11.5 oz,,,"Kroger, breakfast blend",$3.99,13 oz,,,"Publix, Colombian",,,,
"Cold Cuts, ham or chicken",2010,$2.69,1 lb,,,"Lunch Mate, ham, chicken or turkey",$3.99,16 oz,,,"Kroger, ham, chicken or turkey; best price seen: 3.50",$6.39,1 lb,,,"Publix, ham or turkey, assorted flavors",,,,
"Cold Cuts, ham, all natural",2010,,,,,,$3.99,8 oz,,,"Hormel, ham or turkey",$3.69,7 oz,,,"Hormel, turkey, ham or salami",,,,
"Cold Cuts, turkey variety",2010,$1.99,12 oz,,,Appleton,$3.59,12 oz,,,"Butterball, 16 slices; best price seen: 2.99 w/ card",$2.99,12 oz,,,Oscar Mayer,,,,
"Corn Flakes, regular",2010,$1.19,18 oz,,,Millville,$0.99,14 oz,,,Kroger Value,$2.09,18 oz,,,Publix,,,,
"Corn Flakes, sugar frosted",2010,$1.69,17 oz,,,Millville,$0.99,8 oz,,,Kroger Value,$2.59,17 oz,,,Publix,,,,
Cottage Cheese,2010,$1.99,24 oz,,,"Friendly Farms, regular or low fat",$1.39,16 oz,,,"Kroger, small or large curd, low fat and fat free",$2.29,24 oz,,,"Publix, small curd, low fat or fat free",,,,
"Cream, heavy whipping",2010,,,,,,$2.49,1 pt,,,Kroger; best price seen: 2.00,$1.89,8 fl oz,,,Publix; 1.89/16 fl oz,,,,
Croissants,2010,,,,,,,,,,,,,,,,,,,
"Eggs, cage free",2010,,,,,,$2.28,dozen,,,"Private Selection, large, brown",$2.99,dozen,,,"4-Grain, large, brown",,,,
"Eggs, regular",2010,$0.99,dozen,,,"Goldhen, greade A large, white",$1.00,dozen,,,"Kroger, large, white",$1.19,dozen,,,"Publix, large, white",,,,
"Fish, Flounder fillets",2010,$3.99,16 oz,,Y,"Sea Queen, 4 fillets (wild caught)",$4.99,12 oz,,,"Kroger, 3 fillets; best price seen: 3.99 w/ card",$7.99,12 oz,,,"Publix, 2 fillets",,,,
"Fish, other (1)",2010,$3.99,24 oz,,Y,"Mahi Mahi, Sea Queen, 4 fillets (wild caught)",$6.99,32 oz,,,"Pollock, Kroger, 4 fillets, wild catch",$6.99,,,,Haddock,,,,
"Fish, other (2)",2010,$4.99,24 oz,,,"Tilapia, Sea Queen, 6 fillets",,,,,,$7.99,,,,Cod,,,,
"Fish, Whiting fillets",2010,$3.49,16 oz,,Y,"Sea Queen, 6 skin-on fillets (wild caught)",$3.49,16 oz,,,"Kroger, 8 fillets; best price seen: 5.59 w/ card",$7.99,32 oz,,,Whiting,,,,
"Flour, all purpose",2010,$1.19,5 lbs,,,"Baker's Corner, enriched and bleached",$1.97,5 lbs,,,"Kroger, bleached or unbleached",$2.29,5 lbs,,,"Publix, bleached and unbleached",,,,
"Flour, self rising",2010,$1.39,5 lbs,,,"Baker's Corner, enriched and bleached",$1.97,5 lbs,,,"Kroger, bleached",$2.29,5 lbs,,,"Publix, bleached",,,,
French Bread,2010,,,,,,$1.99,17 oz,,,Kroger Bakery,$1.99,12 oz,,,"Publix Bakery, fresh",,,,
"Fruit, cherries (etc.), frozen",2010,,,,,,$3.99,12 oz,,,2 for $6,$3.19,12 oz,,,"Publix, cherries",,,,
"Fruit, frozen",2010,$3.49,32 oz,,,"Fit & Active, strawberry or mixed fruit; Raspberry or Berry Blend 2.89/lb",,,,,,$2.69,16 oz,,,"Publix, strawberries; best price seen: 1.99",,,,
"Granola Bars, high fiber",2010,$1.89,7 oz,,,"Millville, 5 bars, chocolate or peanut butter",$2.09,7 oz,,,"Active Lifestyle, 5 bars, best price seen: 3 for 5.00",$3.39,7 oz,,,"Fiber One, 5 bars, assorted flavors",,,,
"Granola Bars, regular",2010,$1.69,8.4 oz,,,"Millville, 10 bars, assorted flavors",$2.19,8.4 oz,,,"Quaker, 10 bars, chewy, assorted flavors",$2.99,8.4 oz,,,"Quaker, 10 bars, assorted flavors, also low-fat",,,,
"Grapes, red",2010,$1.38,2 lbs,,,"King Fresh and other growers, seedless",$1.08,per lb,,,"various growers, seedless",$1.99,per lb,,,"Chilenean, best price seen: 1.69/lb",,,,
"Green Beans, canned",2010,$0.49,14.5 oz,,,"Happy Harvest, French Style and cut",$0.65,14.5 oz,,,"Kroger, whole or cut; French style 0.75",$0.79,14.5 oz,,,"Publix, Italian & French cuts",,,,
"Ground Beef (chuck), fresh",2010,$1.79,per lb,,,"Granger, 80/20",$2.38,16 oz,,,"Kroger, 80/20",$3.49,per lb,,,"Publix Fresh or GreenWise Natural, 80/20; best price seen: 2.69/lb",,,,
"Ground Beef (sirloin), fresh",2010,$2.89,per lb,,,"Granger, 90/10",$4.49,per lb,,,"Kroger, 90/10",$4.69,per lb,,,"Publix Fresh, 90/10",,,,
"Ground Beef, frozen",2010,$2.29,1 lb,,,"B*BAR, 85%",,,,,,,,,,,,,,
"Ground Turkey, fresh",2010,$2.49,19.2 oz,,,Fit & Active,$2.59,16 oz,,Y,Honeysuckle White,$2.49,per lb,,,Publix,,,,
"Ground Turkey, frozen",2010,$1.19,1 lb,,,Cahill,,,,,,$2.89,16 oz,,,Louis Rich,,,,
"Ham, whole",2010,$2.99,per lb,,,"Appleton, packaged at 3-4 lbs",$6.39,24 oz,,,Hormel,$4.59,per lb,,,"Kentucky Legend, quarter, sliced",,,,
Honey,2010,$4.49,24 oz,,,BerryHill,$4.91,32 oz,,,"Kroger Value, pure honey",$8.29,48 oz,,,North American,,,,
Honey Crunch Oats,2010,$1.89,16 oz,,,Millville,$2.39,16 oz,,,"Kroger, honey crisp medley",$2.69,16 oz,,,"Publix, honey & oats",,,,
"Ice Cream, premium",2010,$2.69,1.75 qt,,,"Belmont, assorted flavors",$0.99,1.25 qt,,,"Kroger Value, assorted flavors",$3.99,0.5 gal,,,"Publix Premium, assorted natural flavors",,,,
"Ice Cream, simple",2010,$1.79,0.5 gal,,,"Sundae Shoppe, assorted flavors",$4.19,48 fl oz,,,"Private Selection, 1.5 qt, assorted flavors; best price seen: 2.50",,,,,,,,,
"Jalopeño Peppers, canned",2010,$1.69,16 fl oz,,,"La Mas Rica, rings, hot",$2.49,16 fl oz,,,"Mezzetta, whole or sliced",$2.49,26 oz,,,"San Marcos, whole",,,,
Ketchup,2010,$0.99,32 oz,,,Tate's,$1.29,36 oz,,,"Kroger Value, best price seen: 1.15",$1.99,36 oz,,,Publix,,,,
Kielbasa,2010,$2.29,16 oz,,,Parkview,$3.49,16 oz,,,Kroger; best price seen: 2.50,$2.99,16 oz,18.69,,Carolina Pride,,,,
Lemons,2010,,,,,,,,,,,,,,,,,,,
Lettuce,2010,$1.19,head,,,Capurro and other growers,$0.78,head,,,"various growers, iceberg",$1.49,per head,,,"Various growers, US",,,,
"Mandarin Oranges, canned",2010,$0.49,11 oz,,,Sweet Harvest,$0.55,11 oz,,,"Kroger, best price seen: 3/1.00",$0.69,11 oz,,,"Publix, best price seen: 5 for $3",,,,
Margarine/Spread,2010,$0.99,16 oz,,,Carlini,$1.95,15 oz,,,LandOLakes,$1.89,15 oz,,,Country Crock or LandOLakes,,,,
Mayonnaise,2010,$1.89,32 fl oz,,,Tate's,,,,,,,,,,,,,,
Milk,2010,$1.88,1 gal,,,"Friendly Farms, whole, 2% or non fat",$2.58,1 gal,,,"Kroger, whole, 2% or non fat",$2.49,1 gal,,,"Publix, whole, 2% or non fat",,,,
Milk Chocolate Bar,2010,$1.29,5.29 oz,,,"Choceur, Austrian",,,,,,$3.29,3.5 oz,,,"Lindt, Swiss",,,,
"Milk, organic",2010,,,,,,$2.99,0.5 gal,,,"Private Selection, whole, 2% and fat free; best price seen: 2.79 w/ card",$3.99,2 qt,,,"Horizon Organic, whole, 2% and fat free; Publix GreenWise 5.79/1 gal",,,,
Mineral Water,2010,,,,,,$2.19,1.06 qt,,,"Apolinaris, 1 L, best price seen: 0.99",$1.79,33.8 fl oz,,,"San Pellegrino, 1 L",,,,
Mushrooms,2010,$1.29,8 oz,,,Freshire Farms,$1.96,8 oz,,,Dole,$3.29,16 oz,,,"Publix, best price seen: 3.00",,,,
"Mushrooms, stems/pieces",2010,$0.50,4 oz,,,Happy Harvest,$0.89,7 oz,,,"Kroger, regular or no salt added, dry weight 4 oz",$1.59,13.25 oz,,,"Publix, dry weight 8 oz",,,,
"Mustard, dijon",2010,$1.19,12 oz,,,Tate's,,,,,,,,,,,,,,
"Mustard, yellow",2010,$0.69,14 oz,,,Tate's,,,,,,,,,,,,,,
Nutella,2010,,,,,,$3.49,13 oz,,Y,"Nutella, Kroger product 2.79/13oz",$3.79,13 oz,,Y,Nutella,,,,
Oat Meal,2010,$1.49,15.1 oz,,,"Millville, 10 packets, maple & brown sugar, also as variety pack",$1.94,12.6 oz,,,"Active Lifestyle, assorted flavors",$1.89,11.8 oz,,,"Publix, 12 packets",,,,
"Oil, Canola, 100% pure",2010,$2.19,48 fl oz,,,Carlini,$3.19,48 fl oz,,,Kroger,$3.19,48 fl oz,,,Publix,,,,
"Oil, Olive, 100% pure",2010,$3.29,16.9 fl oz,,,Carlini,$6.79,25.5 fl oz,,,Kroger,$8.49,34 fl oz,,,Publix,,,,
"Oil, Olive, extra virgin",2010,$3.99,16.9 fl oz,,,Carlini,$6.79,25.5 fl oz,,,Kroger,$8.99,34 fl oz,,,Publix,,,,
Onions,2010,$2.49,3 lbs,,,"Freshire Farms, yellow; Vidalia: 0.99/2lbs; red/white: 0.99/2 jumbos",$1.89,3 lbs,,,"Kroger Value, yellow",$2.99,3 lbs,,,"Struman Produce, sweet onions [yellow onions 2.69 for 3 lbs/ best price 1.99 for 3 lbs",,,,
"Orange Juice, not from concentrate",2010,$2.39,2 qt,,,Nature's Nectar,$3.19,64 fl oz,,,Kroger; best price seen: 2.50,$2.99,64 oz,,,Publix,,,,
Oranges,2010,$2.89,4 lbs,,,"Various growers, navel",$4.99,8 lbs,,,"various growers, Valencia; Navel: 4.10/4 lbs",$4.99,4 lbs,,,"Various growers, Florida",,,,
"Pancetta, diced",2010,,,,,,,,,,,$4.09,4 oz,,,Boar's Head,,,,
Paper Towles,2010,$5.99,8 rolls,,,"Boulder, 2-ply, 416 sheets total",,,,,,$1.33,1 roll/105 sheets,,,Publix,,,,
"Pasta, Egg Noodles, enriched",2010,$0.99,12 oz,,,Reggano,$1.19,16 oz,,,Kroger Value,$1.47,16 oz,,,Publix,,,,
"Pasta, Ellbow Maccaroni",2010,$1.49,32 oz,,,Reggano,$0.76,16 oz,,,Kroger Value,$2.19,32 oz,,,Publix,,,,
"Pasta, Penne Rigate, organic/natural",2010,,,,,,$1.59,16 oz --?,,,"1.29/12 oz/ Kroger, whole wheat, whole grain",$1.29,13.25 oz,,All natural,"Mueller's, whole grain",,,,
"Pasta, Rotini, wheat",2010,$0.79,12 oz,,,Fit & Active,$1.69,13.25 oz,,,,$1.79,13.25,,,Ronzoni,,,,
"Pasta, Spaghetti, enriched",2010,$1.49,32 oz,,,Reggano,$0.76,16 oz,,,Kroger Value,$1.15,16 oz,,,Publix,,,,
Peanut Butter,2010,$1.39,18 oz,,,"BerryHill, creamy and crunchy",$1.74,18 oz,,,"Kroger, creamy, crunchy and honey roasted",$2.34,18 oz,,,"Jif, crunchy and creamy, best price seen: 2.29",,,,
"Peanuts, salted",2010,$1.99,16 oz,,,Southern Grove,$2.37,16 oz,,,Kroger,$2.23,16 oz,,,Publix,,,,
Pears,2010,$1.69,,,,,$1.89,per lb,,,"Individuals, Bosc; 1.59/lb for Bartlett/Anjou",$0.99,per lb,,,Various growers,,,,
"Pepper, black, ground",2010,$1.19,4 oz,,,"Spice Club, pure ground",$2.99,4 oz,,,"Kroger, pure ground",$2.95,4 oz,,,"Publix, pure ground",,,,
Pizza Dough,2010,,,,,,,,,,,,,,,,,,,
"Pizza, frozen (1)",2010,$2.29,22.1 oz,,,"Mama Cozzi, pepperoni, sausage, combo, extra cheese or deluxe",$2.99,20.5 oz,,,"Kroger, extra cheese, supreme or pepperoni; best price seen: 2.77 w/ card",$2.95,22 oz,,,"Publix, 4 cheeses, pepperoni or supreme",,,,
"Pizza, frozen (2)",2010,$3.69,32.7 oz,,,"Mama Cozzi, self-rising crust, pepperoni or supreme",$3.34,21.6 oz,,,"Tombstone, assorted flavors",$5.79,21.6 oz,,,"Tombstone, assorted flavors",,,,
Plastic Wrap,2010,$1.29,200 sq ft,,,Kwik 'n Fresh,,,,,,$1.59,100 sq ft,,,"Glad,Cling Wrap",,,,
Pork Tenderloin,2010,$2.49,per lb,,,"Roseland, packaged at 3-4 lbs",$3.99,per lb,,,"Kroger, packaged at 1-2 lbs; best price seen: 2.99 w/ card",$6.59,per lb,,Y,"Publix, packaged at 1-2 lbs",,,,
"Potatoes, Idaho/Russet",2010,$1.99,5 lbs,,,Freshire Farms,$2.68,5 lbs,,,Kroger Fresh; 3.99/10 lbs Kroger Value,$3.99,5 lbs,,,Publix,,,,
"Potatoes, red",2010,$2.49,5 lbs,,,Freshire Farms,,,,,,$3.99,5 lbs,,,"Publix, best price see: 1.97/lb",,,,
"Potatoes, white",2010,$2.49,5 lbs,,,Various growers,$4.99,5 lbs,,,Del Monte,$4.99,5 lbs,,,"Publix, best price seen: 3.99",,,,
"Potatoes, Yukon Gold",2010,,,,,,$5.69,5 lbs,,,Kroger Fresh,$4.49,5 lbs,,,Publix,,,,
Preserves,2010,$1.49,18 oz,,,"Berry Hill, strawberry",$2.39,18 oz,,,"Kroger, strawberry and peach",$2.29,18 oz,,,"Publix, strawberry",,,,
Pretzels,2010,$1.29,16 oz,,,"Clancys, mini & sticks",$1.24,15 oz,,,"Kroger, sticks or twists",$1.89,16 oz,,,"Publix, best price seen: 2 for $3",,,,
"Ribs, Baby Back (unseasoned)",2010,$3.99,per lb,,,Roseland,,,,,,$4.49,per lb,,Y,Baby Back,,,,
"Ribs, Spare Back (unseasoned)",2010,$1.89,per lb,,,Roseland,,,,,,$2.99,per lb,,Y,Spare Back,,,,
"Rice, instant, white",2010,$1.35,14 oz,,,"Rice Bowl, enriched",$1.52,14 oz,,,"Kroger, enriched",$2.49,28 oz,11.39,,Publix,,,,
"Rice, regular",2010,$1.39,3 lbs,,,"Rice Bowl, enriched, long grain white",$3.23,5 lbs,,,Kroger Value,$2.39,3 lbs,4.98,,Publix,,,,
Salad Dressing,2010,$0.99,16 fl oz,,,"Fit & Active, reduced fat; SaladMate, regular",$1.24,16 fl oz,,,"Kroger, assorted flavors",$2.29,16 fl oz,,,"Publix, assorted flavors, best price seen: 2 for $4",,,,
"Salami, sliced",2010,$2.49,8 oz,,,Deli Premium,,,,,,$4.79,10 oz,42.9,,Publix Deli,,,,
"Salami, whole (1)",2010,,,,,,,,,,,$6.69,7 oz,,,"Boar's Head, Italian dry salami",,,,
"Salami, whole (2)",2010,,,,,,,,,,,$7.79,10 oz,,,,,,,
"Salsa, medium hot",2010,$1.69,24 oz,,,Casa Mamita,$2.49,26 oz,,,Kroger,$1.99,16 oz,,Y,"Publix, all natural",,,,
Salt,2010,$0.33,26 oz,,,"Stonemill, iodized",$0.39,26 oz,,,"Kroger, iodized",$0.57,26 oz,,,"Morton, iodized",,,,
"Soda, bottle",2010,$0.59,2 L,,,Citrus Twist or GT Cola (Summit),$0.69,2L,,,"Big K, assorted flavors",$0.79,2 L,,,Publix,,,,
"Soda, bottle (Coke product)",2010,,,,,,$1.67,2L,,,Coca Cola,$1.79,2 L,,,Coca Cola,,,,
"Soda, can",2010,$1.19,12 pack,,,"Summit, GT Cola, Mountain Frost and other flavors",$2.19,12 pack,,,"Big K, assorted flavors, 4.25 L",,,,,"Publix, 12 pack, best price seen: 2 for $5",,,,
"Soda, can (Coke product)",2010,,,,,,$4.00,12 pack,,,"Coca Cola, 4.26 L",$4.69,4.26 L,,,"Coca Cola, 12 pack, best price seen: 3 for $12",,,,
"Soup, organic",2010,,,,,,$2.99,14.5 oz,,org,"Amy's Organic Soups, assorted flavors",$2.19,19 oz,,org.,Muir Glen,,,,
Sour Cream,2010,$0.99,16 oz,,,"Friendly Farms, regular or light",$1.05,16 oz,,Y,"Kroger, original, reduced fat, fat free and all natural",$2.25,24 oz,,,"Publix, regular, low fat or fat free",,,,
Spaghetti Sauce,2010,$1.19,26 oz,,Y,"Mama Cozzi, traditional, meat or mushroom",$1.15,26 oz,,,"Kroger, assorted flavors",$1.79,26 oz,,,"Publix, assorted flavors",,,,
"Spaghetti Sauce, organic",2010,,,,,,$3.39,26 oz,,,"Ragú, traditional",$3.24,26 oz,,org.,"Ragú, traditional",,,,
Sugar,2010,$2.49,5 lbs,,,Baker's Corner,$1.89,4 lbs,,,Kroger Value,$3.19,5 lbs,,,Publix,,,,
"Sugar, brown",2010,$1.29,32 oz,,,Baker's Corner,$1.59,32 oz,,,Kroger,$0.99,16 oz,,,Publix,,,,
"Sugar, powdered",2010,$1.29,32 oz,,,Baker's Corner,$1.59,32 oz,,,Kroger,$0.99,16 oz,,,Publix,,,,
"Syrup, breakfast",2010,$1.49,24 fl oz,,,"Berry Hill, regular or lite",$1.59,24 fl oz,,,Kroger Value,$2.39,24 fl oz,,,"Publix, pancake and butter maple, also lite",,,,
"Tea, green, bags",2010,$1.19,1.5 oz,,,"Benner, 24 Bags",$2.59,3.75 oz,,Y,"Kroger, 48 bags",$3.79,2.12 oz,,Y,"Salada, 40 bags",,,,
Tomato Paste,2010,$0.39,6 oz,,,Happy Harvest,$0.55,6 oz,,,Kroger,$0.59,6 oz,,,Publix,,,,
Tomato Sauce,2010,$0.25,8 oz,,,Happy Harvest,$0.45,8 oz,,,Kroger,$0.65,15 oz,4.33,,Publix,,,,
"Tomato Soup, condensed",2010,$0.49,10.75 oz,,,Chef's Cupboard,$0.59,10.75 oz,,,Kroger,$0.59,10.75,,,Publix,,,,
"Tomato Soup, regular",2010,,,,,,$1.96,19 oz,,,"Progresso, tomato basil",$2.29,19 oz,,,"Progresso, tomato basil",,,,
Tomatoes,2010,$1.29,20 oz,,,"Roma, various growers",$1.05,per lb,,,"various growers, Roma",$1.69,per lb,,,"Various growers, premium or plum tomatos",,,,
"Tuna, chunky, in water",2010,$0.52,5 oz,,,Northern Catch,$0.75,5 oz,,,"Kroger, chunky light",$0.73,5 oz,,,Chicken of the Sea,,,,
"Tuna, solid, in water",2010,$1.09,5 oz,,,Northern Catch,$1.39,5 oz,,,Kroger,$1.00,5 oz,,,Chicken of the Sea,,,,
"Vanilla Extract, pure (not imitation)",2010,$1.99,2 fl oz,,Y,Spice Club,$6.99,4 fl oz,,,Kroger,$6.99,2 fl oz,,,Spice Islands,,,,
"Veggies, frozen",2010,$1.49,16 oz,,,"Happy Harvest, green beans",$1.39,16 oz,,,"Kroger, peas & carrots, green beans, corn, crinkle cur carrots; best price seen: 1.00",$1.49,16 oz,,,"Publix, peas & carrots and other varieties",,,,
"Veggies, peas (etc.), frozen",2010,$0.95,16 oz,,,"Happy Harvest, corn or peas",$0.95,16 oz,,,"Kroger Value, peas or mixed vegetables",$1.39,16 oz,,,"Publix, peas, corn and other individual varieties; best price seen: 1.00 (Bird's Eye)",,,,
"Waffles, frozen",2010,$1.15,12.3 oz,,,"Breakfast Best, 10 waffles",$1.31,12.3 oz,,,"Kroger, 10 waffles, assorted flavors; Egoo: 2.00",$2.29,12.3 oz,,,"Publix, Eggo: 1.99/12.3 oz",,,,
Water,2010,$2.99,12 L,,,"PurAqua, 24 x 0.5 L (12 L)",$0.89,1 gal,,,Kroger,$0.79,1 gal,,,Publix,,,,
"White Bread/Toast, enriched",2010,$0.79,20 oz,,,L'oven Fresh,$0.78,16 oz,,,"Kroger Value, enriched; Kroger: 1.29/20 oz, 0.99 w/ card",$1.25,20 oz,,,Publix,,,,
"Wine, table, Cabernet",2010,$2.99,750 ml,,,Winking Owl,$2.97,750 ml,,,"Lost Vineyards, Cabernet/Shiraz blend",$6.99,750 ml,,,"Yellow Tail, best price seen: 2 for $11",,,,
"Wine, table, Chardonnay",2010,$2.99,750 ml,,,Winking Owl,$2.97,750 ml,,,"Lost Vineyards, Chardonnay/Torrentes blend",$7.49,750 ml,,,Little Penguin,,,,
"Wine, table, White Zinfandel",2010,$3.99,750 ml,,,Burlwood,$4.99,750 ml,,,"Gallo, best price seen: 4.29",$3.99,750 ml,,,Gallo,,,,
"Yoghurt, Dannon (etc.)",2010,$1.69,16 oz,,,"Friendly Farms Probiotic, assorted flavors, 4 x 4 oz, low fat",$2.99,24 oz,,,"Dannon Light & Fit, 6 x 4 oz cups; best price seen: 2:50",$2.19,24 oz,,,"Dannon, light & fit, 6 pack (4 oz each), sasorted flavors",,,,
"Yogurt, Fage, 2%, plain",2010,,,,,,$1.99,7 oz,,Y,"Fage, 200 g",$1.99,7 oz,,Y,"Fage, 200 g, best price seen: 5 for $6",,,,
"Yogurt, Fage, w/ flavor",2010,,,,,,$1.99,5.3 oz,,Y,"Fage, w/ cherry or honey, 150 g",$1.99,5.3 oz,,Y,"Fage, w/ cherry or honey, 150 g, best price seen: 5 for $6",,,,
"Yogurt, flavored, cup",2010,$0.37,6 oz,,,"Fit & Active, non fat, assorted flavors",$0.39,6 oz,,,"Kroger, regular or light, assorted flavors",$0.50,6 oz,,,"Publix, assorted flavors, also fat free and no sugar added, best price seen: 2 for $0.84",,,,
"Yogurt, greek style, plain",2010,,,,,,,,,,,$3.99,2 lbs,,,"Cabot, regular and low fat; Stonyfield Farms (organic): 4.29/16 oz",,,,
"Yogurt, plain",2010,$1.59,32 oz,,,"Fit & Active, non fat",$2.39,32 oz,,,"Kroger, low fat or fat free; best price seen: 1.99 w/ card",$1.89,24 oz,,,Publix,,,,
Aluminum Foil,2016,$2.29,75 sq ft,,,Kwik 'n Fresh,$2.59,50 ft,,,Kroger Everyday; best price seen: 2.19 w/ card,2.99,50 sq ft,,,Publix,,,,
Apple Juice,2016,$1.19,64 fl oz,,,Nature's Nectar,$1.48,64 fl oz,,,Kroger Value,$2.49,2 qt,,,"Publix, pure, not from concentrate",,,,
Apple Sauce,2016,$0.99,25 oz,,,"Sweet Harvest, regular or cinnamon",$1.55,50 oz,,,"Kroger, classic, cinnamon and no sugar added",$2.73,46 oz,,Y,"Mott's, no sugar added",,,,
"Apples, Braeburn, bag",2016,,,,,,$3.99,3 lbs,,,"Kroger, Golden Delicious; best price seen (Braeburn): 1.00/lb individual",$4.99,3 lbs,,,"Independent, Fuji Apples",,,,
"Apples, Gala, bag",2016,$2.99,3 lbs,,,Washington and other growers,$3.99,3 lbs,,,"Kroger, best price seen: 2.99",$3.99,3 lbs,,,Independent,,,,
"Apples, other, bag",2016,$2.99,3 lbs,,,"Washington and other growers, Red Delicious, Golden Delicious, Fuji, Granny Smith",$2.50,3 lbs,,,"Kroger, Rome",$1.99,3 lbs,,,"Independent, Red or Golden Delicious",,,,
Bacon,2016,$2.69,16 oz,,,Premium Pride,$3.79,12 oz,,,Gwaltney; best price seen: $3.49 w/ card,$2.99,12 oz,,,Sunnyland or Carolina Pride,,,,
"Bagles, plain",2016,$1.39,20 oz,,,"L'oven Fresh, 6 ct",$2.19,22 oz,,,"Kroger, 6 ct; best price seen: 1.89 w/ card",$2.49,20 oz,,,"Publix, 6 bagles, also cinnamon and multi-grain",,,,
"Bagles, plain, refrigerated",2016,,,,,,$1.49,14.25 oz,,,"Kroger, 5 ct; best price seen: 1.00 w/ card",$1.79,17.1 oz,,,"Lender's, 6 ct.",,,,
"Baguette, pre-baked",2016,$1.69,10.6 oz,,,"L'oven Fresh, 2 loafs, 300 g",$2.49,16 oz,,,"Kroger Bakery, ""just bake it"" French bread",,,,,,,,,
Barbeque Sauce,2016,$0.79,18 oz,,,"Tate's, original & honey",$1.29,18 oz,,,"Kroger, assorted flavors, best price seen: 0.79 with card",$1.99,28 oz,,,"Publix, original, honey, hickory",,,,
Beef Stew Meat,2016,$3.49,per lb,,,,$4.49,per lb,,,Kroger,$4.49,per lb,,,"Publix Premium, fresh meats",,,,
"Beer, bottle, pilsener, import",2016,$5.99,6 pack,,,"Wernesgrüner, Germany, 6 x 12 oz",$8.99,6 pack,,,"Pilsener Urquell, Czech, 6 x 12 fl oz",$8.69,6 pack,,,Pilsener Urquell,,,,
"Beer, can",2016,,,,,,$22.99,24 pack,,,"Budweiser, 24 x 12 fl oz; best price seen: 18.99 w/ card",$19.99,24 pack,,,"Budweiser, 24 x 12 fl oz",,,,
"Brats, 4-6 pack",2016,$2.29,16 oz,,,"Parkview, 5 brats, cooked, smoked or cheddar",$4.29,16 oz,,,"Johnsonville, 6 ct; best price seen: 3.99 w/ card",$2.99,14 oz,,,"Johnsonville, 6 brats, assorted flavors",,,,
Bread Crumbs,2016,$0.89,15 oz,,,Chef's Cupboard,$1.39,15 oz,,,"Kroger, plain and Italian; best price seen: 1.19 w/ card",$1.79,24 oz,,,"Publix, original and Italian",,,,
"Bread, 12 grain",2016,$1.89,24 oz,,,L'oven Fresh,$3.49,24 oz,,Y,"Nature's Own, best price seen: 2 for 5.00",$3.89,24 oz,,,"Arnold, best price seen: buy 1 get 1 free",,,,
"Breakfast Sausage, frozen",2016,$0.89,7 oz,,,"Appleton, 10 links",$1.79,6.4 oz,,,"Banquet, 10 links, assorted flavors; best price seen: 1.59 w/ card",$2.50,12 oz,,,Hormel,,,,
"Butter, real, unsalted/salted",2016,$1.89,1 lb,,,Countyside Creamery,$3.19,1 lb,,,Kroger; best price seen: 2.00 w/ card,$2.71,16 oz,,,Publix; best price seen: 2 for 4.00,,,,
Carrots,2016,$1.29,2 lbs,,,Freshire Farms,$1.99,16 oz,,,Kroger Fresh; best price seen: 1.00 w/ card,$0.89,16 oz,,,"Publix, California",,,,
"Cereal, Müsli style",2016,,,,,,$2.39,15.3 oz,,,Kroger; best price seen: 1.99 w/ card,$4.29,17 oz,,,General Mills,,,,
Cheery Pie Filling,2016,$1.89,21 oz,,,Baker's Corner,$2.29,21 oz,,,Kroger; best price seen: 2.00 w/ card,$2.99,21 oz,,,Comstock,,,,
Cheese Singles (imitation),2016,$0.89,10.67 oz,,,"Lynder, 16 slices",$3.49,12 oz,,,"Kroger, 16 ct, assorted flavors; best price seen: 2.89 w/ card",$1.49,8 oz,,,"Publix, 12 slices",,,,
"Cheese, Asiago, sliced",2016,,,,,,$6.99,8 oz,,,,,,,,,,,,
"Cheese, Boursin",2016,,,,,,$5.99,5.2 oz,,,garlic herb; best price seen: BOGO w/ card,$3.99,5.2 oz,,,Boursin,,,,
"Cheese, Brie",2016,,,,,,$4.99,5 oz,,,"Aluette, extra crème",$4.69,8 oz,,Y,"Alouette, baby brie",,,,
"Cheese, Brie",2016,,,,,,$5.99,7 oz,,,President,$11.49,per lb,,,Coeur de Lion,,,,
"Cheese, Mexican, shredded",2016,$2.49,12 oz,,,Happy Farms,$4.89,16 oz,,,Kroger; best price seen: 2.49 w/ card,$2.89,8 oz,,,Publix; best price seen: 3 for 5.00,,,,
"Cheese, Mozarella, shredded",2016,$2.99,16 oz,,,Happy Farms,$2.79,8 oz,,,Kroger Value; best price seen: 1.99 w/ card,$2.89,8 oz,,,Publix; best price seen: 2 for $4.00,,,,
"Cheese, regular (block)",2016,$1.29,8 oz,,,"Happy Farms, assorted varieties",$2.79,8 oz,,,"Kroger, assorted flavors; best price seen: 3 for $5 w/ card",$16.09,per lb,,,"Emmentaler, section",,,,
"Cheese, sliced, Jarlsberg",2016,,,,,,$4.99,8 oz,,,,$4.99,8 oz,64.88,,"Jarlsberg, 10 slices",,,,
"Cheese, sliced, Swiss",2016,$1.99,8 oz,,,"Happy Farms, 10 slices",$3.39,8 oz,,,Kroger; best price seen: 2.89 w/ card,$3.59,6 oz,59.83,,"LandOLakes, 8 slices; see Publix sliced Swiss",,,,
"Chicken Breasts, frozen",2016,$5.49,3 lbs,,,Kirkwood,$8.99,3 lbs,,,Kroger; best price seen: 5.99 w/ card,,,,,,,,,
"Chicken Noodle Soup, condensed",2016,$0.49,10.5 oz,,,Chef's Cupboard,$1.00,10.5 oz,,,"Kroger, best price seen: 0.50 w/ card",$0.59,10.5 oz,,,Publix,,,,
"Chicken Noodle Soup, regular",2016,$1.39,18.6 oz,,,Chef's Cupboard,$1.45,18.6 oz,,,"Kroger, chunky",$2.29,19 oz,,,Progresso,,,,
"Chicken Nuggets, frozen",2016,$3.99,32 oz,,,Kirkwood,$3.79,13.25 oz,,,Tyson's,$5.99,32 oz,,,Perdue or Fast Fixin'; best price seen: BOGO,,,,
"Chicken Strips, grilled, frozen",2016,$7.99,32 oz,,,Kirkwood,$7.99,20 oz,,,"Kroger, various flavors; best price seen: 5.99 w/ card",$8.99,22 oz,40.86,,Tyson,,,,
"Chicken Tenders, frozen",2016,$5.99,2.5 lbs,,,Kirkwood,$8.99,3 lbs,,,"Kroger, best price seen: 5.99 w/ card",,,,,,,,,
Chips,2016,$1.29,11 oz,,,"Clancy's, assorted",$3.19,11 oz,,,"Lay's, assorted flavors; best price seen: 1.98 w/ card",$2.59,8 oz,,,"Publix, assorted styles",,,,
Chocolate Chip Cookie Dough,2016,$1.79,16 oz,,,"Buehler's, makes 24 cookies",$1.99,16.5 oz,,,"Kroger, makes 24 cookies; best price seen: 1.79 w/ card; [Nestle: 2.99; Pillsbury: 2.85]",$2.49,16 oz,,,"Publix, makes 24 cookies [Nestle or Pillsbury: $2.89]; best price seen: 2.00",,,,
Club Soda,2016,,,,,,$0.79,2L,,,Big K,,,,,,,,,
Cocoa Rice Cereal,2016,$1.79,13 oz,,,Millville,$1.89,15 oz,,,Kroger; best price seen: 3 for $5 w/ card,$2.29,15 oz,,,"Publix, cocoa crisp",,,,
Coconut Milk,2016,,,,,,$1.49,14 oz,,,Chaudoc,,,,,,,,,
Coffee,2016,$3.99,17.6 oz,,,"Grandessa, 500 g",$3.59,11.5 oz,,,"Kroger, breakfast blend; best price seen: 3.29 w/ card",$3.99,13 oz,,,"Publix, Colombian",,,,
"Cold Cuts, ham or chicken",2016,$2.69,1 lb,,,"Lunch Mate, ham, chicken or turkey",$2.98,16 oz,,,"Kroger, ham, chicken or turkey",$6.39,1 lb,,,"Publix, ham or turkey, assorted flavors",,,,
"Cold Cuts, ham, all natural",2016,,,,,,$3.79,8 oz,,,"Hormel, ham or turkey; best price seen: 3.00 w/ card",$3.69,7 oz,,,"Hormel, turkey, ham or salami",,,,
"Cold Cuts, turkey variety",2016,$1.99,12 oz,,,Appleton,$3.59,12 oz,,,"Butterball, 16 slices; best price seen: 2.99 w/ card",$2.99,12 oz,,,Oscar Mayer,,,,
"Corn Flakes, regular",2016,$1.19,18 oz,,,Millville,$0.99,14 oz,,,Kroger Value,$2.09,18 oz,,,Publix,,,,
"Corn Flakes, sugar frosted",2016,$1.69,17 oz,,,Millville,$0.99,8 oz,,,Kroger Value,$2.59,17 oz,,,Publix,,,,
Cottage Cheese,2016,$1.99,24 oz,,,"Friendly Farms, regular or low fat",$1.65,16 oz,,,"Kroger, small or large curd, low fat and fat free",$2.29,24 oz,,,"Publix, small curd, low fat or fat free; best price seen: 2.00",,,,
"Cream, heavy whipping",2016,,,,,,$2.69,1 pt,,,Kroger; best price seen: 1.99 w/ card,$1.89,8 fl oz,,,Publix; 1.89/16 fl oz,,,,
Croissants,2016,,,,,,$3.99,6 ct,,,Kroger Luxury,,,,,,,,,
"Eggs, cage free",2016,,,,,,$2.99,dozen,,,"Private Selection, large, brown; best price seen: 2.50 w/ card",$2.99,dozen,,,"4-Grain, large, brown",,,,
"Eggs, regular",2016,$0.99,dozen,,,"Goldhen, greade A large, white",$1.69,dozen,,,"Kroger, large, white",$1.59,dozen,,,"Publix, large, white",,,,
"Fish, Flounder fillets",2016,$3.99,16 oz,,Y,"Sea Queen, 4 fillets (wild caught)",$4.99,12 oz,,,"Kroger, 3 fillets; best price seen: 3.99 w/ card",$6.99,12 oz,,,"Publix, 2 fillets",,,,
"Fish, other (1)",2016,$3.99,24 oz,,Y,"Mahi Mahi, Sea Queen, 4 fillets (wild caught)",$6.99,32 oz,,,"Pollock, Kroger, 4 fillets, wild catch",$6.99,,,,Haddock,,,,
"Fish, other (2)",2016,$4.99,24 oz,,,"Tilapia, Sea Queen, 6 fillets",$9.99,40 oz,,,"Kroger Value, Tilapia",$7.99,,,,Cod,,,,
"Fish, Whiting fillets",2016,$3.49,16 oz,,Y,"Sea Queen, 6 skin-on fillets (wild caught)",$6.99,32 oz,,,"Kroger, 8 fillets; best price seen: 5.59 w/ card",$7.99,32 oz,,,Whiting,,,,
"Flour, all purpose",2016,$1.19,5 lbs,,,"Baker's Corner, enriched and bleached",$1.35,5 lbs,,,"Kroger, bleached or unbleached",$2.29,5 lbs,,,"Publix, bleached and unbleached",,,,
"Flour, self rising",2016,$1.39,5 lbs,,,"Baker's Corner, enriched and bleached",$1.35,5 lbs,,,"Kroger, bleached",$2.29,5 lbs,,,"Publix, bleached",,,,
French Bread,2016,,,,,,$1.99,17 oz,,,Kroger Bakery,$1.99,12 oz,,,"Publix Bakery, fresh",,,,
"Fruit, cherries (etc.), frozen",2016,,,,,,$4.19,16oz,,,; best price seen: 3.19 w/ card,$3.19,12 oz,,,"Publix, cherries",,,,
"Fruit, frozen",2016,$3.49,32 oz,,,"Fit & Active, strawberry or mixed fruit; Raspberry or Berry Blend 2.89/lb",$2.69,16 oz,,,", pineapple, strawberries or smoothie blend; best price seen: 1.69 w/ card",$2.69,16 oz,,,"Publix, strawberries; best price seen: 1.99",,,,
"Granola Bars, high fiber",2016,$1.89,7 oz,,,"Millville, 5 bars, chocolate or peanut butter",$2.19,7 oz,,,"Active Lifestyle, 5 bars, best price seen: 3 for $5",$3.39,7 oz,,,"Fiber One, 5 bars, assorted flavors",,,,
"Granola Bars, regular",2016,$1.69,8.4 oz,,,"Millville, 10 bars, assorted flavors",$2.15,8.4 oz,,,"Quaker, 10 bars, chewy, assorted flavors",$2.99,8.4 oz,,,"Quaker, 10 bars, assorted flavors, also low-fat",,,,
"Grapes, red",2016,$1.38,2 lbs,,,"King Fresh and other growers, seedless",$1.88,per lb,,,"various growers, seedless; best price seen: 1.48 w/ card",$1.49,per lb,,,"Chilenean, best price seen: 1.69/lb",,,,
"Green Beans, canned",2016,$0.49,14.5 oz,,,"Happy Harvest, French Style and cut",$0.69,14.5 oz,,,"Kroger, whole or cut; [French style 0.75]; best price seen: 0.50 w/card",$0.79,14.5 oz,,,"Publix, Italian & French cuts",,,,
"Ground Beef (chuck), fresh",2016,$1.79,per lb,,,"Granger, 80/20",$3.29,per lb,,,"Kroger, 80/20",$2.99,per lb,,,"Publix Fresh or GreenWise Natural, 80/20; best price seen: 2.69/lb",,,,
"Ground Beef (sirloin), fresh",2016,$2.89,per lb,,,"Granger, 90/10",$4.29,per lb,,,"Kroger, 90/10",$4.69,per lb,,,"Publix Fresh, 90/10",,,,
"Ground Beef, frozen",2016,$2.29,1 lb,,,"B*BAR, 85%",$15.49,6 lbs,,,Kroger; best price seen: 12.39 w/ card,,,,,,,,,
"Ground Turkey, fresh",2016,$2.49,19.2 oz,,,Fit & Active,$2.99,per lb,,Y,Honeysuckle White; best price seen: 2.79 w/ card,$2.49,per lb,,,Publix,,,,
"Ground Turkey, frozen",2016,$1.19,1 lb,,,Cahill,$9.29,4 lbs,,,Honeysuckel White; best price seen: 8.29 w/ card,$2.89,16 oz,,,Louis Rich,,,,
"Ham, whole",2016,$2.99,per lb,,,"Appleton, packaged at 3-4 lbs",$6.39,24 oz,,,Hormel,$4.59,per lb,,,"Kentucky Legend, quarter, sliced",,,,
Honey,2016,$4.49,24 oz,,,BerryHill,$5.58,32 oz,,,"Kroger Value, pure honey",$8.29,48 oz,,,North American,,,,
Honey Crunch Oats,2016,$1.89,16 oz,,,Millville,$2.39,16 oz,,,"Kroger, honey crisp medley; best price seen: 1.99 w/ card",$2.69,16 oz,,,"Publix, honey & oats",,,,
Hot Dog Buns,2016,,,,,,$1.39,8 ct,,,Kroger; best price seen: 1.00 w/ card,,,,,,,,,
"Ice Cream, premium",2016,$2.69,1.75 qt,,,"Belmont, assorted flavors",$1.19,1.25 qt,,,"Kroger Value, assorted flavors",$3.99,0.5 gal,,,"Publix Premium, assorted natural flavors",,,,
"Ice Cream, simple",2016,$1.79,0.5 gal,,,"Sundae Shoppe, assorted flavors",$5.49,48 fl oz,,,"Private Selection, 1.5 qt, assorted flavors; best price seen: 2.50 w/ card",,,,,,,,,
"Jalopeño Peppers, canned",2016,$1.69,16 fl oz,,,"La Mas Rica, rings, hot",$1.59,12 oz,,,"La Costeña, sliced",$2.49,26 oz,,,"San Marcos, whole",,,,
Ketchup,2016,$0.99,32 oz,,,Tate's,$1.29,36 oz,,,"Kroger Value, best price seen: 1.15",$1.99,36 oz,,,Publix,,,,
Kielbasa,2016,$2.29,16 oz,,,Parkview,$3.69,16 oz,,,Kroger; best price seen: 2.99 w/ card,$2.99,16 oz,18.69,,Carolina Pride,,,,
Lemons,2016,,,,,,$2.99,2 lbs,,,Tomorrow's Tropicals,,,,,,,,,
Lettuce,2016,$1.19,head,,,Capurro and other growers,$1.29,head,,,"various growers, iceberg",$1.49,per head,,,"Various growers, US",,,,
"Mandarin Oranges, canned",2016,$0.49,11 oz,,,Sweet Harvest,$0.89,11 oz,,,"Kroger, best price seen: 3/1.00",$0.69,11 oz,,,"Publix, best price seen: 5 for $3",,,,
Margarine/Spread,2016,$0.99,16 oz,,,Carlini,$2.19,15 oz,,,LandOLakes,$1.89,15 oz,,,Country Crock or LandOLakes,,,,
Mayonnaise,2016,$1.89,32 fl oz,,,Tate's,$2.48,32 oz,,,Kroger Value,,,,,,,,,
Milk,2016,$1.88,1 gal,,,"Friendly Farms, whole, 2% or non fat",$2.68,1 gal,,,"Kroger, whole, 2% or non fat; best price seen: 2.48 w/ card",$2.49,1 gal,,,"Publix, whole, 2% or non fat",,,,
Milk Chocolate Bar,2016,$1.29,5.29 oz,,,"Choceur, Austrian",$2.29,3.5 oz,,,"Lindt, Swiss; best price seen: 2.00 w/ card",$3.29,3.5 oz,,,"Lindt, Swiss",,,,
"Milk, organic",2016,,,,,,$2.99,0.5 gal,,,"Private Selection, whole, 2% and fat free; best price seen: 2.50 w/ card",$3.99,2 qt,,,"Horizon Organic, whole, 2% and fat free; best price seen: $3.50",,,,
Mineral Water,2016,,,,,,$2.19,1.06 qt,,,"Apolinaris, 1 L, best price seen: 0.99",$1.79,33.8 fl oz,,,"San Pellegrino, 1 L",,,,
Mushrooms,2016,$1.29,8 oz,,,Freshire Farms,$1.99,8 oz,,,Fresh Select,$3.29,16 oz,,,"Publix, best price seen: 3.00",,,,
"Mushrooms, stems/pieces",2016,$0.50,4 oz,,,Happy Harvest,$0.89,7 oz,,,"Kroger, no salt added, dry weight 4 oz (with salt: $0.99)",$1.59,13.25 oz,,,"Publix, dry weight 8 oz",,,,
"Mustard, dijon",2016,$1.19,12 oz,,,Tate's,$1.99,12 oz,,,best price seen: 1.00 w/ card,,,,,,,,,
"Mustard, yellow",2016,$0.69,14 oz,,,Tate's,$0.99,24 oz,,,Kroger Value; best price seen: 0.89 w/ card,,,,,,,,,
Nutella,2016,,,,,,$3.49,13 oz,,Y,Real Nutella [Kroger brand 2.79/13oz; best price seen: 2.50 w/ card],$3.79,13 oz,,Y,Nutella,,,,
Oat Meal,2016,$1.49,15.1 oz,,,"Millville, 10 packets, maple & brown sugar, also as variety pack",$1.45,12.6 oz,,,"Active Lifestyle, assorted flavors; best price seen: 1.38 w/ card",$1.89,11.8 oz,,,"Publix, 12 packets",,,,
"Oil, Canola, 100% pure",2016,$2.19,48 fl oz,,,Carlini,$2.49,48 fl oz,,,Kroger,$3.19,48 fl oz,,,Publix,,,,
"Oil, Olive, 100% pure",2016,$3.29,16.9 fl oz,,,Carlini,$7.99,34 fl oz,,,Kroger; best price seen: 7.19 w/ card,$8.49,34 fl oz,,,Publix,,,,
"Oil, Olive, extra virgin",2016,$3.99,16.9 fl oz,,,Carlini,$8.29,34 fl oz,,,Kroger; best price seen: 7.49 w/ card,$8.99,34 fl oz,,,Publix,,,,
Onions,2016,$2.49,3 lbs,,,"Freshire Farms, yellow; Vidalia: 0.99/2lbs; red/white: 0.99/2 jumbos",$2.50,3 lbs,,,"Kroger Value, yellow",$1.99,3 lbs,,,"Struman Produce, sweet onions [yellow onions 2.69 for 3 lbs]",,,,
"Orange Juice, not from concentrate",2016,$2.39,2 qt,,,Nature's Nectar,$3.39,64 fl oz,,,Kroger; best price seen: 2.29 w/ card,$2.99,64 oz,,,Publix,,,,
Oranges,2016,$2.89,4 lbs,,,"Various growers, navel",$3.99,4 lbs,,,"various growers, navel",$4.99,4 lbs,,,"Various growers, Florida",,,,
"Pancetta, diced",2016,,,,,,$2.99,24 oz,,,(Hormel ham cubes); best price seen: 2.79 w/ card,$4.09,4 oz,,,Boar's Head,,,,
Paper Towles,2016,$5.99,8 rolls,,,"Boulder, 2-ply, 416 sheets total",$0.89,1 roll/70 sheets,,,Kroger Everyday,$1.33,1 roll/105 sheets,,,Publix,,,,
"Pasta, Egg Noodles, enriched",2016,$0.99,12 oz,,,Reggano,$1.48,16 oz,,,Kroger Value,$1.47,16 oz,,,Publix,,,,
"Pasta, Ellbow Maccaroni",2016,$1.49,32 oz,,,Reggano,$0.78,16 oz,,,Kroger Value,$2.19,32 oz,,,Publix,,,,
"Pasta, Penne Rigate, organic/natural",2016,,,,,,$1.39,12 oz,,,"Kroger, whole wheat, whole grain",$1.29,13.25 oz,,All natural,"Mueller's, whole grain",,,,
"Pasta, Rotini, wheat",2016,$0.79,12 oz,,,Fit & Active,$1.29,13.25 oz,,,"Kroger, whole grain",$1.79,13.25,,,Ronzoni,,,,
"Pasta, Spaghetti, enriched",2016,$1.49,32 oz,,,Reggano,$0.78,16 oz,,,Kroger Value,$1.15,16 oz,,,Publix,,,,
Peanut Butter,2016,$1.39,18 oz,,,"BerryHill, creamy and crunchy",$1.89,18 oz,,,"Kroger, creamy, crunchy and honey roasted; best price seen: 1.25 w/ card",$2.34,18 oz,,,"Jif, crunchy and creamy, best price seen: 2.29",,,,
"Peanuts, salted",2016,$1.99,16 oz,,,Southern Grove,$2.25,16 oz,,,"Kroger, best price seen: 2.19 w/ card",$2.23,16 oz,,,Publix,,,,
Pears,2016,$1.69,,,,,$1.89,per lb,,,"Individuals, Bosc",$0.99,per lb,,,Various growers,,,,
"Pepper, black, ground",2016,$1.19,4 oz,,,"Spice Club, pure ground",$2.99,4 oz,,,"Kroger, pure ground; best price seen: 1.99 w/ card",$2.95,4 oz,,,"Publix, pure ground",,,,
Pizza Dough,2016,,,,,,$2.99,24 oz,,,"Kroger, 2 per package; best price seen: 2.69 w/ card",,,,,,,,,
"Pizza, frozen (1)",2016,$2.29,22.1 oz,,,"Mama Cozzi, pepperoni, sausage, combo, extra cheese or deluxe",$2.99,21.5 oz,,,"Kroger, extra cheese, supreme or pepperoni; best price seen: 2.69 w/ card",$2.95,22 oz,,,"Publix, 4 cheeses, pepperoni or supreme",,,,
"Pizza, frozen (2)",2016,$3.69,32.7 oz,,,"Mama Cozzi, self-rising crust, pepperoni or supreme",$3.29,21.6 oz,,,"Tombstone, assorted flavors",$2.99,21.6 oz,,,"Tombstone, assorted flavors",,,,
Plastic Wrap,2016,$1.29,200 sq ft,,,Kwik 'n Fresh,$1.99,200 ft,,,Kroger,$1.59,100 sq ft,,,"Glad,Cling Wrap",,,,
Pork Tenderloin,2016,$2.49,per lb,,,"Roseland, packaged at 3-4 lbs",$3.99,per lb,,,"Kroger, packaged at 1-2 lbs; best price seen: 2.99 w/ card",$6.59,per lb,,Y,"Publix, packaged at 1-2 lbs",,,,
"Potatoes, Idaho/Russet",2016,$1.99,5 lbs,,,Freshire Farms,$2.95,10 lbs,,,Kroger Fresh,$2.69,5 lbs,,,Publix,,,,
"Potatoes, red",2016,$2.49,5 lbs,,,Freshire Farms,$3.99,5 lbs,,,Kroger,$4.49,5 lbs,,,"Publix, best price see: 1.97/lb",,,,
"Potatoes, white",2016,$2.49,5 lbs,,,Various growers,$3.49,5 lbs,,,Del Monte,$4.99,5 lbs,,,"Publix, best price seen: 3.99",,,,
"Potatoes, Yukon Gold",2016,,,,,,$4.99,5 lbs,,,Kroger Fresh,$4.49,5 lbs,,,Publix,,,,
Preserves,2016,$1.49,18 oz,,,"Berry Hill, strawberry",$1.99,18 oz,,,"Kroger, strawberry and peach; best price seen: 1.69 w/ card",$2.29,18 oz,,,"Publix, strawberry",,,,
Pretzels,2016,$1.29,16 oz,,,"Clancys, mini & sticks",$1.50,15 oz,,,"Kroger, sticks or twists",$1.89,16 oz,,,"Publix, best price seen: 2 for $3",,,,
"Ribs, Baby Back (unseasoned)",2016,$3.99,per lb,,,Roseland,$3.99,per lb,,,,$4.49,per lb,,Y,Baby Back,,,,
"Ribs, Spare Back (unseasoned)",2016,$1.89,per lb,,,Roseland,$1.99,per lb,,,,$2.49,per lb,,Y,Spare Back,,,,
"Rice, instant, white",2016,$1.35,14 oz,,,"Rice Bowl, enriched",$1.50,14 oz,,,"Kroger, enriched",$2.49,28 oz,11.39,,Publix,,,,
"Rice, regular",2016,$1.39,3 lbs,,,"Rice Bowl, enriched, long grain white",$2.98,5 lbs,,,Kroger Value,$2.39,3 lbs,4.98,,Publix,,,,
Salad Dressing,2016,$0.99,16 fl oz,,,"Fit & Active, reduced fat; SaladMate, regular",$1.29,16 fl oz,,,"Kroger, assorted flavors; best price seen: 1.25 w/ card",$2.29,16 fl oz,,,"Publix, assorted flavors, best price seen: 2 for $4",,,,
"Salami, sliced",2016,$2.49,8 oz,,,Deli Premium,$4.79,8 oz,,,Oscar Mayer,$4.79,10 oz,42.9,,Publix Deli,,,,
"Salami, whole (1)",2016,,,,,,,,,,,$6.69,7 oz,,,"Boar's Head, Italian dry salami",,,,
"Salami, whole (2)",2016,,,,,,,,,,,$7.79,10 oz,,,,,,,
"Salsa, medium hot",2016,$1.69,24 oz,,,Casa Mamita,$2.69,26 oz,,,Kroger; best price seen: 1.79 w/ card,$1.99,16 oz,,Y,"Publix, all natural",,,,
Salt,2016,$0.33,26 oz,,,"Stonemill, iodized",$0.39,26 oz,,,"Kroger, iodized",$0.57,26 oz,,,"Morton, iodized",,,,
"Soda, bottle",2016,$0.59,2 L,,,Citrus Twist or GT Cola (Summit),$0.79,2L,,,"Big K, assorted flavors",$0.79,2 L,,,Publix; best price seen: 0.50,,,,
"Soda, bottle (Coke product)",2016,,,,,,$1.67,2L,,,Coca Cola; best price seen: 1.25 w/ card,$1.79,2 L,,,Coca Cola; best price seen: 1.50,,,,
"Soda, can",2016,$1.19,12 pack,,,"Summit, GT Cola, Mountain Frost and other flavors",$2.50,12 pack,,,"Big K, assorted flavors, 4.25L; best price seen: 1.99 w/ card",$2.50,,,,"Publix, 12 pack",,,,
"Soda, can (Coke product)",2016,,,,,,$4.99,12 pack,,,"Coca Cola, 4.26 L; best price seen: 4.00 w/ card",$4.69,4.26 L,,,"Coca Cola, 12 pack, best price seen: 3 for 12.00",,,,
"Soup, organic",2016,,,,,,$2.99,14.5 oz,,org,"Amy's Organic Soups, assorted flavors; best price seen: 2.69 w/ card",$2.19,19 oz,,org.,Muir Glen,,,,
Sour Cream,2016,$0.99,16 oz,,,"Friendly Farms, regular or light",$1.35,16 oz,,Y,"Kroger, original, reduced fat, fat free and all natural; best price seen: 1.00 w/ card",$2.25,24 oz,,,"Publix, regular, low fat or fat free",,,,
Spaghetti Sauce,2016,$1.19,26 oz,,Y,"Mama Cozzi, traditional, meat or mushroom",$1.39,26 oz,,,"Kroger, assorted flavors; best price seen: 1.00 w/ card",$1.79,26 oz,,,"Publix, assorted flavors",,,,
"Spaghetti Sauce, organic",2016,,,,,,$3.39,26 oz,,,"Ragú, traditional",$3.24,26 oz,,org.,"Ragú, traditional",,,,
Sugar,2016,$2.49,5 lbs,,,Baker's Corner,$1.98,4 lbs,,,Kroger Value,$3.19,5 lbs,,,Publix,,,,
"Sugar, brown",2016,$1.29,32 oz,,,Baker's Corner,$1.79,32 oz,,,Kroger; best price seen: 1.50 w/ card,$0.99,16 oz,,,Publix,,,,
"Sugar, powdered",2016,$1.29,32 oz,,,Baker's Corner,$1.79,32 oz,,,Kroger; best price seen: 1.50 w/ card,$0.99,16 oz,,,Publix,,,,
"Syrup, breakfast",2016,$1.49,24 fl oz,,,"Berry Hill, regular or lite",$1.84,24 fl oz,,,Kroger Value,$2.39,24 fl oz,,,"Publix, pancake and butter maple, also lite",,,,
"Tea, green, bags",2016,$1.19,1.5 oz,,,"Benner, 24 Bags",$3.39,3.75 oz,,Y,"Kroger, 48 bags; best price seen: 3.09 w/ card",$3.79,2.12 oz,,Y,"Salada, 40 bags",,,,
Tomato Paste,2016,$0.39,6 oz,,,Happy Harvest,$0.55,6 oz,,,Kroger; best price seen: 0.45 w/ card,$0.59,6 oz,,,Publix,,,,
Tomato Sauce,2016,$0.25,8 oz,,,Happy Harvest,$0.35,8 oz,,,Kroger; best price seen: 0.25 w/ card,$0.65,15 oz,4.33,,Publix,,,,
"Tomato Soup, condensed",2016,$0.49,10.75 oz,,,Chef's Cupboard,$0.59,10.75 oz,,,Kroger; best price seen: 0.49 w/ card,$0.59,10.75,,,Publix,,,,
"Tomato Soup, regular",2016,,,,,,$1.59,19 oz,,,"Progresso, tomato basil",$2.29,19 oz,,,"Progresso, tomato basil",,,,
Tomatoes,2016,$1.29,20 oz,,,"Roma, various growers",$1.85,per lb,,,"various growers, Roma",$1.69,per lb,,,"Various growers, premium or plum tomatos",,,,
"Tuna, chunky, in water",2016,$0.52,5 oz,,,Northern Catch,$0.59,5 oz,,,"Kroger, chunky light",$0.73,5 oz,,,Chicken of the Sea,,,,
"Tuna, solid, in water",2016,$1.09,5 oz,,,Northern Catch,$1.39,5 oz,,,Kroger,$1.00,5 oz,,,Chicken of the Sea,,,,
"Vanilla Extract, pure (not imitation)",2016,$1.99,2 fl oz,,Y,Spice Club,$6.99,4 fl oz,,,Kroger; best price seen: 5.99 w/ card,$6.99,2 fl oz,,,Spice Islands,,,,
"Veggies, frozen",2016,$1.49,16 oz,,,"Happy Harvest, green beans",$1.39,16 oz,,,"Kroger, peas & carrots, green beans, corn, crinkle cur carrots; best price seen: 0.88 w/card",$1.49,16 oz,,,"Publix, peas & carrots and other varieties",,,,
"Veggies, peas (etc.), frozen",2016,$0.95,16 oz,,,"Happy Harvest, corn or peas",$1.47,16 oz,,,"Kroger Value, peas or mixed vegetables; best price seen: 0.88 w/ card",$1.39,16 oz,,,"Publix, peas, corn and other individual varieties; best price seen: 0.69",,,,
"Waffles, frozen",2016,$1.15,12.3 oz,,,"Breakfast Best, 10 waffles",$1.99,12.3 oz,,,"Kroger, 10 waffles, assorted flavors; best price seen: 1.48 w/card; [Eggo: 2.00]",$2.29,12.3 oz,,,"Publix, Eggo: 1.99/12.3 oz",,,,
Water,2016,$2.99,12 L,,,"PurAqua, 24 x 0.5 L (12 L)",$0.79,1 gal,,,Kroger,$0.79,1 gal,,,Publix,,,,
"White Bread/Toast, enriched",2016,$0.79,20 oz,,,L'oven Fresh,$0.75,16 oz,,,"Kroger Value, enriched; Kroger: 1.29/20 oz, 0.99 w/ card",$1.19,20 oz,,,Publix,,,,
"Wine, table, Cabernet",2016,$2.99,750 ml,,,Winking Owl,$5.99,750 ml,,,"Frontera, Chile; best price seen: 5.79 w/ card",$6.99,750 ml,,,"Yellow Tail, best price seen: 2 for $11",,,,
"Wine, table, Chardonnay",2016,$2.99,750 ml,,,Winking Owl,$3.99,750 ml,,,Bay Bridge; best price seen: 3.33 w/ card,$7.49,750 ml,,,Little Penguin,,,,
"Wine, table, White Zinfandel",2016,$3.99,750 ml,,,Burlwood,$5.99,750 ml,,,Sutter Home; best price seen: 4.99 w/ card,$3.99,750 ml,,,Gallo,,,,
"Yoghurt, Dannon (etc.)",2016,$1.69,16 oz,,,"Friendly Farms Probiotic, assorted flavors, 4 x 4 oz, low fat",$2.99,24 oz,,,"Dannon Light & Fit, 6 x 4 oz cups",$2.19,24 oz,,,"Dannon, light & fit, 6 pack (4 oz each), sasorted flavors",,,,
"Yogurt, Fage, 2%, plain",2016,,,,,,$1.89,7 oz,,Y,"Fage, 200 g; best price seen: 1.25 w/ card",$1.99,7 oz,,Y,"Fage, 200 g, best price seen: 5 for $6",,,,
"Yogurt, Fage, w/ flavor",2016,,,,,,$1.89,5.3 oz,,Y,"Fage, w/ cherry or honey, 150 g",$1.99,5.3 oz,,Y,"Fage, w/ cherry or honey, 150 g, best price seen: 5 for $6",,,,
"Yogurt, flavored, cup",2016,$0.37,6 oz,,,"Fit & Active, non fat, assorted flavors",$0.39,6 oz,,,"Kroger, regular or light, assorted flavors",$0.50,6 oz,,,"Publix, assorted flavors, also fat free and no sugar added, best price seen: 20 for $5.00 (25c each)",,,,
"Yogurt, greek style, plain",2016,,,,,,$0.99,6 oz,,,Kroger; best price seen: 0.89 w/ card,$3.99,2 lbs,,,"Cabot, regular and low fat; Stonyfield Farms (organic): 4.29/16 oz",,,,
"Yogurt, plain",2016,$1.59,32 oz,,,"Fit & Active, non fat",$1.99,32 oz,,,"Kroger, low fat or fat free; best price seen: 1.79 w/ card",$1.89,24 oz,,,Publix,,,,
Aluminum Foil,2022,$1.99,75 sq ft,,,Boulder,$2.49,75 sq ft,,,"Kroger, regular strength; best price seen: 1.69 w/ card",2.45,75 sq ft,,,"Publix, regular strength",$2.97,90 sq ft,,Great Value
Apple Juice,2022,$1.69,64 fl oz,,,Nature's Nectar,$1.50,64 fl oz,,,Kroger Value,$2.69,64 oz,,,"Publix Premium, not from concentrate",$2.68,96 fl oz,,"Great Value, from concentrate"
Apple Sauce,2022,$1.29,25 oz,,,"Sweet Harvest, regular or cinnamon",$2.89,50 oz,,,"Kroger, classic, cinnamon and no sugar added",$2.50,46 oz,,,"Mott's, original, no sugar added (natural) or cinnamon",$1.98,48 oz,,"Great Value, original or cinnamon"
"Apples, Gala, bag",2022,$2.99,3 lbs,,,"Washington apples, various growers",$5.79,5 lbs,,,Kroger,$4.99,3 lbs,,,Various growers,$3.57,3 lbs,,"Washington State, other growers"
"Apples, Red/Golden Delicious (and/or other), bag",2022,$3.29,3 lbs,,,"Washington apples, various growers; Red Delicious, Golden Delicious, Fuji, Granny Smith",$3.99,3 lbs,,,"Kroger, Golden Delicious",$3.99,3 lbs,,,Various growers,$5.57,5 lbs,,"Various growers, Red Delicious"
Bacon,2022,$2.99,16 oz,,,Appleton Farms,$3.79,12 oz,,,Gwaltney; best price seen: 2.00 w/ card,$4.99,16 oz,,,"Publix, original or low sodium",$3.50,16 oz,,"Smithfield, assorted flavors"
"Bagles, plain",2022,$1.49,20 oz,,,"L'oven Fresh, 6 ct",$2.19,22 oz,,,"Kroger, 6 ct; best price seen: 1.79 w/ card",$2.00,20 oz,,,"Publix Premium, 6 bagles, also cinnamon-raisin, onion and multi-grain, (= 2 for $4)",$2.48,22 oz,,"Nature's Own, 6 ct"
"Baguette Rolls, frozen",2022,,,,,,$4.19,11.25 oz,,,Sister Schubert,$3.69,14 oz,,,"Pepperidge Farm, 8 French dinner rolls or 6 mini baguettes",,,,
Baguette/French Bread,2022,,,,,,$1.50,16 oz,,,"Kroger Bakery (""Just Bake It"")",$2.19,12 oz,,,"Publix Bakery, french bread",$1.60,16 oz,,The Bakery at Walmart
Barbeque Sauce,2022,$0.89,18 oz,,,"Burman's, original, hickory or honey",$1.00,18 oz,,,"Kroger, assorted flavors, best price seen: 0.79 with card",$1.99,28 oz,,,"Publix, original, honey and hickory",$1.46,18 oz,,"Kraft, assorted flavors"
Beef Stew Meat,2022,$4.19,per lb,,,"Cattlemen's Ranch, packaged at about 1.5 lbs",$2.74,per lb,,,"Kroger, vacuum pack",$4.49,per lb,,,"Publix Premium, ""beef round chunks""",$4.48,per lb,,Steak House
"Beer, bottle, pilsener, import",2022,$5.99,6 pack,,,"Wernesgrüner, Germany, 6 x 12 oz",$8.99,6 pack,,,"Pilsener Urquell, Czech, 6 x 12 fl oz; best price seen: 7.99 w/ card",$7.99,6 pack,,,"Warsteiner, Gemrnay",$8.47,6 pack,,"Becks, Germany, 6 x 12 oz"
"Beer, cans",2022,,,,,,$23.49,24 pack,,,"Budweiser, 24 x 12 fl oz; best price seen: 17.99 w/ card",$19.99,24 pack,,,"Budweiser, 24 x 12 fl oz",$19.97,30 pack,,"Budweiser, 30 x 12 oz"
"Brats, 4-6 pack",2022,$1.99,14 oz,,,"Parkview, 6 brats, smoked, cheddar or stadium style",$2.59,18 oz,,,"Kroger, 5 ct; best price seen: 3.50 w/ card",$3.99,14 oz,,,"Johnsonville, 6 brats, assorted flavors",$2.78,16 oz,,"Johnsonville, 6 brats, smoked or stadium style"
Bread Crumbs,2022,$0.89,15 oz,,,Chef's Cupboard,$1.47,15 oz,,,"Kroger, plain and Italian; best price seen: 1.00 w/ card",$1.79,24 oz,,,"Publix, original and Italian",$1.08,15 oz,,"Great Value, regular or Italian style"
"Bread, 12-grain/multi-grain",2022,$1.89,24 oz,,,L'oven Fresh,$4.29,24 oz,,,Nature's Own; best price seen: BOGO w/ card,$2.59,24 oz,,,Publix Premium,$2.98,24 oz,,Nature's Own
"Breakfast Sausage, frozen",2022,$0.89,7 oz,,,"Breakfast Best, 10 links",$1.99,6.4 oz,,,"Banquet, 10 links, assorted flavors; best price seen: 0.69 w/ card",$2.19,12 oz,,,"Hormel, 12 links",$1.14,7 oz,,"Banquet, 10 links, original, beef or maple"
"Butter, real, unsalted/salted",2022,$2.29,1 lb,,,Countyside Creamery,$2.69,1 lb,,,Kroger; best price seen: 2.00 w/ card,$3.15,16 oz,,,Publix,$2.68,1 lb,,Great Value
"Carrots, whole",2022,$1.29,2 lbs,,,Freshire Farms,$0.99,16 oz,,,Kroger Fresh; best price seen: 1.00 w/ card,$0.99,16 oz,,,"Publix, California carrots",$1.48,2 lbs,,Various growers
"Cereal, Müsli style",2022,,,,,,$2.67,15.3 oz,,,Kroger; best price seen: 1.88 w/ card,$4.29,15.3 oz,,,"Kellogg's, Müslix (with raisins, dates and almonds)",,,,
Cheery Pie Filling,2022,$1.79,21 oz,,,Baker's Corner,$3.99,20 oz,,,Kroger; best price seen: 1.89 w/ card,$3.19,21 oz,,,"Comstock, ""Country Cherry""",$2.28,21 oz,,Comstock
Cheese Singles (imitation),2022,$0.99,10.67 oz,,,"Lynder, 16 slices",$3.59,,,,"Kroger (""Regular American""); best price seen: 2.99 w/ card",$3.19,12 oz,,,"Publix, 16 slices; best price seen: $2.99",$1.18,10.67 oz,,"Sandwich-Mate, 16 slices"
"Cheese, block (regular)",2022,$1.99,8 oz,,,"Happy Farms, assorted varieties",$3.29,8 oz,,,"Kroger, various types; best price seen: 3 for 5.00 w/ card",$3.19,8 oz,,,"Publix, Swiss, Cheddar and other assorted flavors",$2.58,8 oz,,"Kraft, assorted varieties"
"Cheese, Boursin",2022,,,,,,$5.99,5.2 oz,,,Garlic herb; best price seen: BOGO w/ card,$5.99,5.2 oz,,,"Boursin, shallot & chive or garlic & fine herbs",$2.98,5.2 oz,,"Boursin, garlic herb"
"Cheese, Brie 1",2022,$2.99,6 oz,,,"President, brie log (""Aldi special buy"")",$4.79,5 oz,,,"Aluette or Private Selection, extra crème; best price seen: 2.99 w/ card",$8.39,per lb,,,"Publix Deli, U.S. Brie",$4.48,7 oz,,Président
"Cheese, Brie 2",2022,,,,,,$5.99,7 oz,,,President; best price seen: BOGO w/ card,$13.99,per lb,,,Coeur de Lion,$15.98,per lb,,"Saint Louis, double cream, wedges of about 0.25 lb"
"Cheese, Parmesan, jar",2022,$2.39,8 oz,,,"Reggano, 100% real grated",$2.19,8 oz,,,Kroger,$2.15,8 oz,,,"Publix, 100% real grated",,,,
"Cheese, shredded, Mexican style",2022,$2.79,12 oz,,,Happy Farms,$8.99,16 oz,,,Kroger; best price seen: 2.49 w/ card,$3.19,8 oz,,,Publix,$8.68,32 oz,,"Great Value (""Fiesta Blend"")"
"Cheese, shredded, Mozarella",2022,$2.99,16 oz,,,Happy Farms,$1.50,8 oz,,,"Kroger Value (""Mozzarella Melt Topping"")",$3.19,8 oz,,,Publix,$2.24,8 oz,,Great Value
"Cheese, sliced, deli",2022,,,,,,$4.38,8 oz,,,"Private Selection (packaged), various types, deli section; best price seen: 3.50 w/ card",$5.29,8 oz,,,"Jarlsberg Lite, 10 slices",$3.98,8 oz,,"Prima Della, 10 slices, assorted varieties (deli section)"
"Cheese, sliced, regular",2022,$1.99,8 oz,,,"Happy Farms, 10 slices",$2.69,6 oz,,,"Kroger (""Deli Thin Slices""), Swiss or Provolone; best price seen: 1.50 w/ card",$2.79,6 oz,,,"Publix, Swiss, 8 slices (other types: 8 oz/10 slices)",$2.28,8 oz,,"Great Value, 12 slices, assorted varieties"
"Cheese, wedge, deli",2022,,,,,,$6.99,per lb,,,"Jarlsberg, deli section",$9.39,per lb,,,Jarlsberg,$6.98,per lb,,Jarlsberg (deli section)
"Chicken Breasts, frozen",2022,$5.49,3 lbs,,,Kirkwood,$8.99,3 lbs,,,Kroger; best price seen: 5.99 w/ card,$6.49,32 oz,,,Publix,$6.98,3 lbs,,Great Value
"Chicken Nuggets, frozen",2022,$3.99,32 oz,,,Kirkwood,$3.79,13.25 oz,,,Tyson's; best price seen: 2.49 w/ card,$5.99,29 oz,,,Perdue,$4.47,29 oz,,Great Value
"Chicken Tenderloins, frozen",2022,$5.99,2.5 lbs,,,Kirkwood,$8.99,3 lbs,,,"Kroger, best price seen: 5.99 w/ card",$6.99,32 oz,,,Cookin' Good,$6.98,3 lbs,,Tyson
"Chips, potato chips",2022,$1.49,11 oz,,,"Clancy's, assorted",$2.99,11 oz,,,"Lay's, assorted flavors; best price seen: 1.88 w/ card",$2.59,8 oz,,,"Publix, assorted styles and flavors",$2.68,10.5 oz,,"Lay's, assorted flavors"
Chocolate Chip Cookie Dough,2022,$1.99,16 oz,,,"Buehler's, makes 24 cookies",$2.19,16.5 oz,,,"Kroger, makes 24 cookies; best price seen: 1.79 w/ card",$2.59,16 oz,,,"Publix, makes 24 cookies, brake-and-bake style",$2.18,16.5 oz,,Great Value [Pillsbury: 2.58]
Cocoa Rice Cereal,2022,$1.69,11 oz,,,Millville,$1.99,15 oz,,,Kroger; best price seen: 3 for $5 w/ card,$2.75,15 oz,,,"Publix, ""Cocoa Crisp""",$2.00,13.75 oz,,Great Value
Coconut Milk,2022,,,,,,$2.29,13.5 oz,,,Goya,$1.49,13.5 fl oz,,,Conchita,$1.58,13.5 fl oz,,Grace
Coffee,2022,$4.99,17.6 oz,,,"Grandessa, German Roasted, mild or regular",$4.19,11.5 oz,,,"Kroger, breakfast blend; best price seen: 3.29 w/ card",$5.99,11 oz,,,"Eight O'Clock, various roasts / flavors",$4.98,12 oz,,"8 O'Clock Coffee, Original or Colombian"
"Cold Cuts, ham or chicken",2022,$3.29,1 lb,,,"Lunch Mate, ham, chicken or turkey",$3.79,16 oz,,,"Kroger (""Deli Style""), ham, chicken or turkey; best price seen: 2.99 w/ card",$4.99,1 lb,,,"Publix, ham or turkey, assorted flavors",$3.98,1 lb,,LandO'Frost
"Cold Cuts, turkey variety",2022,,,,,,$3.69,12 oz,,,"Butterball, 16 slices; best price seen: 2.00 w/ card",$3.29,12 oz,,,Oscar Mayer,,,,
"Corn Flakes, regular",2022,$1.69,18 oz,,,Millville,$0.99,14 oz,,,Kroger Value,$2.29,18 oz,,,Publix,$1.88,18 oz,,Great Value
"Corn Flakes, sugar frosted",2022,$1.79,17 oz,,,Millville,$1.25,8 oz,,,Kroger Value,$2.89,17 oz,,,Publix,$2.48,23 oz,,Great Value
Cottage Cheese,2022,$1.99,24 oz,,,"Friendly Farms, regular or low fat",$1.69,16 oz,,,"Kroger, small or large curd, low fat and fat free; best price seen: 1.25 w/ card",$2.55,24 oz,,,"Publix, small curd, large curd, low fat or fat free",$2.78,24 oz,,"Great Value, small & large curd, reg or fat free"
Cream Cheese,2022,$1.19,8 oz,,,"Happy Farms (regular), Fit & Active (low fat, Neufchatel)",$1.00,8 oz,,,Kroger,$0.99,8 oz,,,"Publix, regular or low fat (Neufchatel)",$1.98,8 OZ,,Great Value
"Cream, heavy whipping",2022,,,,,,$2.39,1 pt,,,Naturally Preferred; best price seen: 1.99 w/ card,$1.89,8 fl oz,,,Publix,$2.18,8 fl oz,,"Mayfield, 236 ml"
Croissants,2022,$2.49,10 oz,,,"L'oven Fresh, 10 ct, mini butter croissants",$3.99,4 ct,,,Kroger Luxury; best price seen: 3.49 w/ card,2.39,4 oz,,,"Publix Bakery, 2 ct, all butter",$3.00,12 oz,,"The Bakery at Walmart, 6 ct"
"Eggs, cage free",2022,,,,,,$2.19,dozen,,,"Private Selection, large brown, regular section",$3.39,dozen,,,"4-Grain, large, brown, grade A",$3.18,dozen,,"Great Value, large brown, Grade A"
"Eggs, regular",2022,$1.09,dozen,,,"Goldhen, grade A large, white",$1.89,dozen,,,"Kroger, large white; best price seen: 1.18 w/ card",$1.99,dozen,,,"Publix, large, white, grade A",$1.88,dozen,,"Sunny Meadow, large white, Grade A"
"Fish 1, frozen (flounder)",2022,$3.99,16 oz,,,"Sea Queen, 4 fillets (wild caught)",$5.99,12 oz,,,"Kroger, 3 fillets, wild caught; best price seen: 3.99 w/ card",$7.99,12 oz,,,"Publix, 3 fillets",$5.27,2 lbs,,No name/ Walmart generic; Walmart fish is Chinese. There have been health concerns with Chinese fish in the past.
"Fish 2, frozen (tilapia)",2022,$4.49,24 oz,,,"Tilapia, Sea Queen, 6 fillets",$5.99,12 oz,,,Kroger; best price seen: 4.39 w/ card,$8.99,24 oz,,,"Publix, 6 fillets",$4.48,16 oz,,"Tilapia, No name/Walmart generic; also see note above"
"Fish 3, frozen (mahi mahi and/or other)",2022,$3.99,24 oz,,,"Mahi Mahi, Sea Queen, 4 fillets (wild caught)",$9.99,12 oz,,,Kroger; best price seen: 8.79 w/ card,$7.99,32 oz,,,"Publix, Whiting, app. 8 fillets",$4.94,16 oz,,No name/ Walmart generic
"Flour, all purpose",2022,$1.59,5 lbs,,,"Baker's Corner, enriched and bleached",$2.79,5 lbs,,,"Kroger, bleached or unbleached; best price seen: 2.39 w/card",$2.29,5 lbs,,,"Publix, bleached and unbleached",$1.96,5 lbs,,"Great Value, enriched, bleached & pre-sifted"
"Flour, self rising",2022,$1.59,5 lbs,,,"Baker's Corner, enriched and bleached",$2.79,5 lbs,,,"Kroger, bleached; best price seen: 2.39 w/card",$2.29,5 lbs,,,"Publix, bleached",$2.48,5 lbs,,"Great Value, enriched, bleached & pre-sifted"
"French Fries, frozen",2022,$1.89,32 oz,,,Season's Choice,$1.99,32 oz,,,"Kroger, various cuts; best price seen: 1.79 w/ card",$2.99,32 oz,,,"Publix, original, crinkle cut or seasoned",$1.97,32 oz,,"Great Value, assorted cuts"
"Fruit 1, frozen (strawberries)",2022,$1.99,16 oz,,,"Season's Choice, strawberry or mixed fruit",$2.99,16 oz,,,"Private Selection, pineapple, strawberries or smoothie blend; best price seen: 1.69 w/ card",$2.39,16 oz,,,"Publix, strawberries, whole",$2.33,16 oz,,"Great Value, strawberries"
"Fruit 2, frozen (cherries and/or other)",2022,$2.99,16 oz,,,"Season's Choice, raspberries or ""Triple Berry Blend""",$4.59,16oz,,,"Private Selection, cherries; best price seen: 2.88 w/ card",$3.29,12 oz,,,"Publix, cherries",$3.23,12 oz,,"Great Value, blueberries"
"Granola Bars, high fiber",2022,$1.89,7 oz,,,"Millville, 6 bars, chocolate or peanut butter",$2.39,7 oz,,,"Active Lifestyle, 5 bars, best price seen: 3 for $5",$3.19,7 oz,,,"Publix, 5 bars, assorted flavors; best price seen: 2.19",$2.98,7 oz,,"Fiber One, 5 bars, chocolate, peanut butter or caramel"
"Granola Bars, regular",2022,$1.59,8.4 oz,,,"Millville, 10 bars, assorted flavors",$2.39,6.7 oz,,,"Quaker, 10 bars, chewy, assorted flavors; best price seen: 1.67 w/ card",$2.59,8.4 oz,,,"Publix, 10 bars, chocolate chip",$2.18,6.7 oz,,"Quaker, 10 bars, assorted flavors"
"Grapes, red",2022,$2.99,2 lbs,,,"King Fresh, Produce Kountry and other growers, seedless",$1.99,per lb,,,"various growers, seedless; best price seen: 1.48 w/ card",$1.49,per lb,,,From Chile,$1.88,per lb,,
"Green Beans, canned",2022,$0.59,14.5 oz,,,"Happy Harvest, French style or cut",$0.69,14.5 oz,,,"Kroger, whole, cut or French style; best price seen: 0.50 w/card",$0.79,14.5 oz,,,"Publix, original, Italian or French cuts and no salt added",$0.68,14.5 oz,,"Great Value, French style or cut"
"Ground Beef (chuck, 80/20)",2022,$2.89,per lb,,,All natural,$2.79,1 lb,,,"Kroger, 80/20, plastic roll",$3.99,per lb,,,Publix,$3.28,1 lb,,"Steak House, plastic roll"
"Ground Beef (sirloin, 90/10)",2022,$3.49,per lb,,,All natural,$4.59,per lb,,,"Kroger, 90/10",$4.99,per lb,,,Publix Fresh,$4.18,per lb,,"Steak House, 93/7"
"Ground Beef, frozen",2022,$2.79,1 lb,,,"No name, 85%, all natural",$10.99,3 lbs,,,"Kroger, chuck; best price seen: 9.99 w/ card",,,,,,$2.88,1 lb,,80%
Ground Turkey,2022,$2.99,19.2 oz,,,"Fit & Active, Prestage Farms",$2.26,19.2 oz,,,"Kroger, 85/15; best price seen: 1.35 w/ card",$4.39,16 oz,,,Plainville Farms,$2.33,16 oz,,"Butterball, plastic roll"
"Ground Turkey, frozen",2022,$1.69,1 lb,,,Kirkwood,$4.99,1 lb,,,Honeysuckle White,,,,,,$2.88,1 lb,,Jennie-O
"Ham, boneless",2022,$2.99,per lb,,,"Appleton, sliced, packaged at 2 lbs, 1/4 ham",$6.39,24 oz,,,Hormel,$3.99,per lb,,,"Hormel, ""dinner ham,"" quarters",$3.38,per lb,,"Kentucky Legend, original or honey, packaged at 3-4 lbs"
Honey,2022,$4.49,24 oz,,,"Berry Hill, clover honey, all natural, 100% pure",$5.78,32 oz,,,"Kroger Value, pure honey",$9.49,48 oz,,,"North American, (3 lbs)",$4.98,24 oz,,"Great Value, clover honey"
Honey Crunch Oats,2022,$1.89,16 oz,,,Millville,$2.49,14.5 oz,,,"Kroger (""Honey Crisp Medley""); best price seen: 1.88 w/ card",$2.85,14.5 oz,,,"Publix, ""honey & oats""",$1.98,18 oz,,"Great Value (""Crunch Honey Oast"")"
Hot Dog Buns,2022,$0.99,12 oz,,,"L'oven Fresh, 8 ct",$1.39,8 ct,,,Kroger; best price seen: 0.88 w/ card,$0.99,13 oz,,,"Publix, 8 ct",$1.25,12 oz,,"Great Value, 8 ct"
"Hot Dogs, beef",2022,$2.29,16 oz,,,"Parkview, 8 ct",$5.29,,,,"Ball Park, 8 ct",$3.59,16 oz,,,"Publix, ""Jumbo Beef Franks,"" 8 ct",,,,
"Ice Cream, premium",2022,$2.49,1.75 qt,,,"Belmont, assorted flavors",$5.49,48 fl oz,,,"Private Selection, 1.5 qt, assorted flavors; best price seen: 2.50 w/ card",$4.59,0.5 gal,,,"Publix Premium, assorted natural flavors",$3.38,1.5 qt,,"Great Value, assorted flavors"
"Ice Cream, simple",2022,$1.99,0.5 gal,,,"Sundae Shoppe, assorted flavors",$1.50,1.25 qt,,,"Kroger Value, assorted flavors",$2.99,0.5 gal,,,"Publix, vanilla, chocolate, Neapolitan",$1.98,1.75 qt,,"Polar Treats, assorted flavors"
"Jalopeño Peppers, canned",2022,$1.19,12 fl oz,,,"Tuscan Garden, rings, hotor mild",$1.34,12 oz,,,"La Costeña, sliced; best price seen: 1.29 w/ card",$2.49,26 oz,,,"La Costeña, whole",$0.86,13.4 oz,,"Great Value, whole"
Ketchup,2022,$1.49,40 oz,,,Burman's,$1.29,36 oz,,,"Kroger Value, best price seen: 1.15",$1.99,36 oz,,,Publix,$1.24,35 oz,,Hunt's
Kielbasa,2022,$1.99,16 oz,,,Parkview,$2.97,16 oz,,,Kroger; best price seen: 2.50 w/ card,$3.49,16 oz,,,Carolina Pride,$2.78,16 oz,,Hillshire Farm
Lemons,2022,$1.99,2 lbs,,,Various growers,$3.49,2 lbs,,,various growers; best price seen: 2.99 w/ card,1.99,for 3,,,"Sunkist, app. 12 oz",$1.98,2 lbs,,Various growers
"Lettuce, iceberg",2022,$0.99,head,,,Capurro and other growers,$1.25,head,,,"various growers, iceberg",$1.69,head,,,Various growers,$1.18,head,,Fresh from Florida and other growers
"Mandarin Oranges, canned",2022,$0.49,11 oz,,,Sweet Harvest,$1.00,11 oz,,,"Kroger, best price seen: 3/1.00",$0.97,11 oz,,,Publix,$0.78,11 oz,,Great Value
Margarine/Spread,2022,$0.99,16 oz,,,"Countyside Creamery (""Tastes Like Butter"")",$1.49,15 oz,,,"Kroger (""Butter It's Not""); best price seen: 1.00 w/ card",$2.47,15 oz,,,"I Can't Believe It's Not Butter, original, olive oil or light",$1.48,15 oz,,"Blue Bonnet, regular or light"
Mayonnaise,2022,$2.19,30 fl oz,,,Burman's,$2.99,32 oz,,,"Kroger, 'Classic' and 'Lite'; best price seen: 2.29 w/ card",2.79,32 oz,,,Sauer's,$2.92,32 fl oz,,"Great Value, regular or light"
Milk,2022,$1.99,1 gal,,,"Friendly Farms, whole, 2% or non fat",$3.19,1 gal,,,"Kroger, whole, 2% or non fat; best price seen: 2.99 w/ card",$3.39,1 gal,,,"Publix, whole, 2%, 1% or fat free; best price seen: $2.99",$2.98,1 gal,,"Great Value, Vitamin D, 2%, 1%"
Milk Chocolate Bar,2022,$1.49,5.29 oz,,,"Choceur, Austrian",$2.49,3.5 oz,,,"Lindt, Swiss; best price seen: 2.00 w/ card",$2.59,3.5 oz,,,"Lindt, Swiss, ""Extra Creamy""",$2.23,4.4 oz,,Lindt
"Milk, organic",2022,,,,,,$3.79,0.5 gal,,,"Simple Truth Organic, whole, 2% and fat free; best price seen: 2.99 w/ card",$3.89,2 qt,,,"Publix GreenWise, reduced fat and fat free",$3.38,2 qt,,"Great Value, Vitamin D, 2%, fat free"
"Mushrooms, Button, whole",2022,$0.99,8 oz,,,Freshire Farms,$1.99,8 oz,,,Fresh Select; best price seen: 1.50 w/ card,$2.50,8 oz,,,Publix,$3.48,16 oz,,Monterey
"Mushrooms, stems/pieces",2022,$0.59,4 oz,,,Happy Harvest,$0.99,7 oz,,,"Kroger, reg. and no salt added, dry weight 4 oz; best price seen: 0.69 w/ card",$1.59,13.25 oz,,,"Publix, dry weight 8 oz",$0.98,4 oz,,Great Value
"Mustard, dijon",2022,$0.99,12 oz,,,Burman's,$1.49,12 oz,,,Kroger; best price seen: 0.88 w/ card,1.69,12 oz,,,Publix,$2.92,10 oz,,Grey Poupon
"Mustard, yellow",2022,$0.69,14 oz,,,Burman's,$1.49,24 oz,,,Kroger; best price seen: 0.71 w/ card,1.15,16 oz,,,Publix,$0.84,16 oz,,Great Value
Nutella,2022,,,,,,$3.99,13 oz,,,Real Nutella; best price seen: 3.39 [Kroger brand 2.99/13oz; best price seen: 2.39 w/ card],$3.99,13 oz,,,Nutella,$3.28,13 oz,,Nutella
Oat Meal,2022,$1.49,15.1 oz,,,"Millville, 10 packets, maple & brown sugar, also as variety pack",$1.50,12.6 oz,,,"Active Lifestyle, assorted flavors; best price seen: 1.25 w/ card",$1.50,11.8 oz,,,"Publix, 12 packets (original); same price but 10 packs: variety pack, maple & brown sugar, cinnamon & spice, apple & cinnamon",$1.68,15 oz,,"Great Value, 10 packets, assorted flavors, also as variety pack"
"Oil, Canola, 100% pure",2022,$2.69,48 fl oz,,,Carlini,$2.99,48 fl oz,,,Kroger,$3.85,48 fl oz,,,Publix,$3.58,48 fl oz,,Great Value
"Oil, Olive, 100% pure",2022,$2.99,16.9 fl oz,,,Carlini,$7.89,34 fl oz,,,Kroger; best price seen: 6.69 w/ card,$9.39,34 fl oz,,,Publix,$4.88,25.5 fl oz,,Great Value
"Oil, Olive, extra virgin",2022,$3.49,16.9 fl oz,,,Carlini,$8.29,34 fl oz,,,Kroger; best price seen: 7.09 w/ card,$9.99,34 fl oz,,,Publix,$5.58,17 fl oz,,Great Value
"Onions, yellow",2022,$1.69,3 lbs,,,Various growers,$2.29,3 lbs,,,Kroger Value,$2.99,3 lbs,,,Publix,$3.48,3 lbs,,Basin Gold
"Orange Juice, not from concentrate",2022,$2.39,2 qt,,,Nature's Nectar,$3.49,59 fl oz,,,Florida's Natural,$2.99,59 fl oz,,,"Publix Premium, 1.8 qt",$2.12,2 qt,,Great Value (1.85 qt)
Oranges,2022,$2.99,4 lbs,,,"Various growers, navel",$6.99,8 lbs,,,"various growers, navel",$3.49,4 lbs,,,"Various growers, Florida",$4.98,4 lbs,,"Various growers, navel"
"Pancetta or Ham, diced",2022,,,,,,$5.79,4 oz,,,"Private Selection or Boar's Head, deli section",?,8 oz,,,"Cumberland Gap, diced ham",$3.18,4 oz,,Fiorucci
Paper Towles,2022,$5.99,8 rolls,,,"Boulder, 2-ply, 416 sheets total",$0.70,1 roll / 60 sheets,,,"Kroger Value, 2-ply; best price seen: 0.58 w/ card",$1.33,1 roll/105 sheets,,,"Publix, (= 3 for $4)",$5.97,8 rolls,,"Sparkle, 2-ply, 384 sheets total"
"Pasta, Egg Noodles",2022,$0.99,12 oz,,,Reggano,$1.50,16 oz,,,Kroger Value,$1.79,16 oz,,,"Publix, extra wide, wide, medium and fine",$1.68,16 oz,,Great Value
"Pasta, Ellbow Maccaroni",2022,$1.69,32 oz,,,Reggano,$0.88,16 oz,,,Kroger Value,$0.99,16 oz,,,Publix,$2.82,48 oz,,Great Value
"Pasta, Penne Rigate",2022,$0.99,16 oz,,,Reggano,$1.39,12 oz,,,"Kroger, whole wheat, whole grain; best price seen: 1.19 w/ card",$0.99,16 oz,,,"Mueller's, whole grain",$1.08,13.25,,Great Value
"Pasta, Rotini/Rotelle/Fusilli",2022,$1.49,16 oz,,,"Priano, premium fusilli",$1.39,13.25 oz,,,"Kroger, whole grain; best price seen: 1.49 w/ card",$0.99,16 oz,,,Ronzoni,$1.08,13.25,,Great Value
"Pasta, Spaghetti",2022,$1.59,32 oz,,,Reggano,$0.88,16 oz,,,Kroger Value,$0.99,16 oz,,,Publix,$1.88,32 oz,,Great Value
Peanut Butter,2022,$2.29,18 oz,,,"BerryHill, creamy and crunchy",$2.79,18 oz,,,"Kroger, creamy, crunchy and honey roasted; best price seen: 1.25 w/ card",$3.29,18 oz,,,"Publix or Peter Pan, crunchy and creamy",$2.56,18 oz,,Great Value
"Peanuts, roasted",2022,$2.69,16 oz,,,Southern Grove,$2.64,16 oz,,,"Kroger, best price seen: 2.19 w/ card",$2.99,16 oz,,,"Publix, unsalted, lightly salted or salted",$2.88,16 oz,,Great Value
Pears,2022,$1.99,2 lbs,,,,$1.39,per lb,,,"Bosc, Bartlett",$0.99,per lb,,,Bosc,$1.77,per lb,,"Bosc, Bartlett"
"Pepper, black, ground",2022,$1.99,4 oz,,,"Spice Club, pure ground",$3.99,4 oz,,,"Kroger, pure ground; best price seen: 1.99 w/ card",$2.49,4 oz,,,"Publix, pure ground",$2.82,4 oz,,"Great Value, pure ground"
Pizza Dough,2022,?,,,,,$2.99,11 oz,,,"Pillsbury, thin or regualr crust; best price seen: 1.25 w/ card",$2.79,13.8 oz,,,"Pillsbury, ""Pizza Crust,"" pop-open roll; best price seen: 3 for $6",$2.24,13.8 oz,,Pillsbury
"Pizza, frozen (premium)",2022,$3.89,32.7 oz,,,"Mama Cozzi's, self-rising crust, pepperoni or supreme",$3.67,21.6 oz,,,"Tombstone, assorted flavors; best price seen: 2.69 w/card",$5.89,28 oz,,,"Publix Premium, assorted toppings, (weights vary)",$4.25,28.3 oz,,"Great Value, rising crust, assorted styles"
"Pizza, frozen (simple)",2022,$1.99,21.1 oz,,,"Mama Cozzi's, pepperoni, sausage, combo, extra cheese or deluxe",$2.99,21.5 oz,,,"Kroger, extra cheese, supreme or pepperoni; best price seen: 2.50 w/ card",$3.99,22 oz,,,"Publix, 4 cheeses, pepperoni or supreme",$3.33,20 oz,,"Red Baron (""Classic Crust"")"
Plastic Wrap,2022,$1.49,200 sq ft,,,Boulder,$1.99,200 ft,,,Kroger; best price seen: 1.50 w/ card,$2.69,200 sq ft,,,Publix,$1.53,200 sq ft,,Glad
"Pork Tenderloin, small",2022,$3.99,per lb,,,"Roseland, packaged at about 1.5 lbs",$4.27,per lb,,,"Kroger, total weight: 1-2 lbs; best price seen: 1.99 w/ card",$6.49,per lb,,,"Publix, packaged at 1-2 lbs",$3.98,per lb,,"Tyson, packaged at around 3 lbs"
"Potatoes, gold (Yukon)",2022,$2.99,5 lbs,,,Del Monte,$5.99,5 lbs,,,Kroger Fresh,$4.99,5 lbs,,,Publix,$4.47,5 lbs,,Various growers
"Potatoes, red",2022,$2.49,5 lbs,,,"Freshire Farms, Del Monte",$3.49,5 lbs,,,Kroger,$4.69,5 lbs,,,Publix,$2.97,5 lbs,,Various growers
"Potatoes, Russet",2022,$2.89,5 lbs,,,"Freshire Farms, Del Monte",$3.29,5 lbs,,,Kroger Fresh; best price seen: 1.98 w/ card,$2.99,5 lbs,,,Publix,$4.47,5 lbs,,Various growers
"Preserves, strawberry",2022,$1.59,18 oz,,,"Berry Hill, strawberry",$2.49,18 oz,,,"Kroger, strawberry and peach; best price seen: 1.69 w/ card",$2.29,18 oz,,,"Publix, not Jelly, (other flavors = different price)",$2.08,18 oz,,"Great Value, strawberry"
Pretzels,2022,$1.29,16 oz,,,"Clancys, mini & sticks",$1.67,15 oz,,,"Kroger, sticks or twists; best price seen: 1.00 w/ card",$1.99,16 oz,,,"Publix, mini twist, large twist, pretzel sticks",$2.98,16 oz,,"Snyder's, mini or sticks"
Red Cabbage,2022,,,,,,$1.79,16 oz,,,Aunt Nellie's; best price seen: 1.69 w/ card,$1.69,16 oz,,,Aunt Nellie's,,,,
"Ribs, Baby Back (pork, unseasoned)",2022,$3.49,per lb,,,"Roseland, packaged at about 3-5 lbs",$3.99,per lb,,,; best price seen: 2.99 w/ card,,,,,,$3.98,per lb,,Tyson
"Ribs, Spare Back (pork, unseasoned)",2022,?,,,,,$2.99,per lb,,,,,,,,,$2.98,per lb,,Tyson
"Rice, instant, white",2022,$2.49,28 oz,,,"Rice Bowl, enriched",$1.49,14 oz,,,"Kroger, enriched",$2.79,28 oz,,,Publix,$2.48,28 oz,,"Great Value, enriched"
"Rice, regular",2022,$1.69,3 lbs,,,"Rice Bowl, enriched, long grain white",$2.98,5 lbs,,,Kroger Value,$2.79,3 lbs,,,Publix,$1.28,2 lbs,,"Great Value, enriched, long grain white"
Salad Dressing,2022,$1.39,16 fl oz,,,"Fit & Active (reduced fat), various types; Tuscan Garden (regular), Ranch",$1.67,16 fl oz,,,"Kroger, assorted flavors; best price seen: 1.18 w/ card",$1.67,16 fl oz,,,"Publix, assorted flavors",$1.66,16 fl oz,,"Great Value, assorted flavors"
"Salami, sliced",2022,$2.79,8 oz,,,"Deli Premium, hard or Genoa salami",$2.74,8 oz,,,Kroger; best price seen: 2.99 w/ card,$5.39,10 oz,,,Publix Deli,$2.48,4.5 oz,,"Hormel or Fiorucci, deli section"
"Salami, whole (1)",2022,,,,,,$8.99,10.5 oz,,,"Boar's Head, Genoa Salame, deli section",$5.99,7 oz,,,"Boar's Head, ""Italian Dry Salame""",$3.98,7 oz,,"Daniele, assorted varieties"
"Salami, whole (2)",2022,,,,,,$7.99,10 oz,,,"Columbus, Italia Dry Salame, deli section",$7.89,10.5 oz,,,"Boar's Head, ""Genoa Salame""",,,,
"Salsa, medium",2022,$1.49,24 oz,,,Casa Mamita,$2.69,26 oz,,,Kroger; best price seen: 1.79 w/ card,$1.87,16 oz,,,"Publix, all natural",$1.98,24 oz,,Great Value
"Salt, iodized",2022,$0.35,26 oz,,,"Stonemill, iodized",$0.47,26 oz,,,"Kroger, iodized",$0.38,26 oz,,,Publix,$0.72,26 oz,,"Morton, iodized"
"Soda, bottle",2022,$0.69,2 L,,,"Summit, Citrus Twist or GT Cola",$0.88,2 L,,,"Big K, assorted flavors; best price seen: 0.79 w/ card",$0.89,2 L,,,"Publix, assorted flavors, including cola,organe and root beer",$1.38,2 L,,"Pepsi, 7up, Dr. Pepper, etc."
"Soda, bottle (Coke product)",2022,,,,,,$1.67,2 L,,,Coca Cola; best price seen: 1.25 w/ card,$1.89,2 L,,,Coca Cola; best price seen: 2 for $3,$1.38,2 L,,"Coca-Cola, etc."
"Soda, can",2022,$2.29,12 pack,,,"Summit, GT Cola, Mountain Frost and other flavors",$2.77,12 pack,,,"Big K, assorted flavors, 4.25L; best price seen: 1.83 w/ card",$2.99,12 pack,,,"Publix, cola, lemon lime or ginger ale",$3.98,12 pack,,"7up, Dr. Pepper, A&W Root Beer,etc."
"Soda, can (Coke product)",2022,,,,,,$4.99,12 pack,,,"Coca Cola, 4.26 L; best price seen: 3.00 w/ card",$4.99,12 pack,,,Coca Cola,$3.98,12 pack,,"Coca-Cola, etc."
"Soup, Chicken Noodle, condensed",2022,$0.59,10.5 oz,,,Chef's Cupboard,$0.67,10.5 oz,,,"Kroger, best price seen: 0.50 w/ card",$0.59,10.5 oz,,,Publix,$0.64,10.5 oz,,Great Value
"Soup, Chicken Noodle, regular",2022,$1.39,18.6 oz,,,Fit & Active,$1.87,18.6 oz,,,"Kroger, chunky; best price seen: 1.25 w/ card",$1.99,18.6 oz,,,Publix,$1.48,18.5 oz,,"Progresso, light"
"Soup, organic",2022,,,,,,$2.98,14.5 oz,,,"Amy's Organic Soups, assorted flavors with meat; best price seen: 2.00 w/ card",$2.19,14.8 oz,,,"Muir Glen, assorted falvors; best price seen: 3 for $5",$1.98,14.5 oz,,"Amy's, assorted flavors"
"Soup, Tomato, condensed",2022,$0.49,10.75 oz,,,Chef's Cupboard,$1.09,10.75 oz,,,Kroger; best price seen: 0.49 w/ card,$0.59,10.75,,,Publix,$0.64,10.75 oz,,Great Value
"Soup, Tomato, regular",2022,,,,,,$2.07,19 oz,,,"Progresso, tomato basil",$2.29,19 oz,,,"Progresso, ""Tomato Basil""",$1.48,19 oz,,"Progresso (""creamy tomato basil"")"
Sour Cream,2022,$1.29,16 oz,,,"Friendly Farms, regular or light",$1.54,16 oz,,,"Kroger, original, reduced fat, fat free and all natural; best price seen: 1.00 w/ card",$2.59,24 oz,,,"Publix, regular (light and fat free available in 16oz size)",$1.58,16 oz,,"Great Value, regular, light or fat free"
Spaghetti Sauce,2022,$1.19,24 oz,,,"Reggano, traditional, meat or mushroom",$1.27,26 oz,,,"Kroger, assorted flavors; best price seen: 1.00 w/ card",$1.35,26 oz,,,"Publix, assorted flavors",$1.33,26 oz,,"Great Value, assorted flavors"
"Sugar, brown",2022,$1.49,32 oz,,,Baker's Corner,$2.19,32 oz,,,Kroger; best price seen: 1.49 w/ card,$1.09,16 oz,,,"Publix, light brown",$1.88,32 oz,,Great Value
"Sugar, powdered",2022,$1.49,32 oz,,,Baker's Corner,$2.19,32 oz,,,Kroger; best price seen: 1.49 w/ card,$1.90,16 oz,,,Publix,$1.88,32 oz,,Great Value
"Sugar, white",2022,$2.19,4 lbs,,,Baker's Corner,$2.58,4 lbs,,,Kroger Value,$3.49,5 lbs,,,Publix,$2.88,5 lbs,,Great Value
"Syrup, breakfast",2022,$1.59,24 fl oz,,,"Aunt Maple's, regular or lite",$1.98,24 fl oz,,,Kroger Value,$2.59,24 fl oz,,,"Publix, pancake and butter maple, also lite",$1.98,24 fl oz,,"Great Value, regular, butter flavor, light, sugar free"
"Tea, green, bags",2022,$1.19,1.5 oz,,,"Benner, 24 Bags",$2.49,3.75 oz,,,"Kroger, 48 bags; best price seen: 2.19 w/ card",$3.39,1.83 oz,,,"Salada, 40 bags",$2.18,0.91 oz,,Bigelow
Tomato Paste,2022,$0.39,6 oz,,,Happy Harvest,$0.59,6 oz,,,Kroger; best price seen: 0.45 w/ card,$0.60,6 oz,,,"Publix, (= 5 for $3)",$0.44,6 oz,,Great Value
Tomato Sauce,2022,$0.29,8 oz,,,Happy Harvest,$0.33,8 oz,,,Kroger; best price seen: 0.25 w/ card,$0.65,15 oz,,,"Publix, (= 2 for 1.29)",$0.34,8 oz,,Great Value
"Tomatoes, slicer",2022,$1.59,24 oz,,,"Various growers, 3ct",$1.99,per lb,,,"various growers, on vine",$1.69,per lb,,,"Various growers, ""premium tomatos""",$1.74,per lb,,Slicer tomatoes
"Tuna, chunky, in water",2022,$0.59,5 oz,,,Northern Catch,$0.75,5 oz,,,"Kroger, chunky light",$1.39,5 oz,,,StarKist,$0.64,5 oz,,Great Value
"Tuna, solid, in water",2022,$1.15,5 oz,,,Northern Catch,$1.99,5 oz,,,Kroger; best price seen: 1.29 w/ card,$1.77,5 oz,,,StarKist,$1.12,5 oz,,StarKist
"Vanilla Extract, pure (not imitation)",2022,$1.99,2 fl oz,,,Stonemill,$6.99,4 fl oz,,,Kroger; best price seen: 5.99 w/ card,$5.49,2 fl oz,,,Publix,,2 fl oz,,Great Value
"Veggies 1, frozen (peas)",2022,$0.89,16 oz,,,"Happy Harvest, peas",$2.48,32 oz,,,"Kroger Value, peas or mixed vegetables; best price seen: 0.88 w/ card",$1.59,16 oz,,,"Publix, peas, corn, peas & carrots",$0.98,16 oz,,"Great Value, peas, corn, green beans, peas & carrots, mixed vegetables"
"Veggies 2, frozen (other)",2022,$0.65,16 oz,,,"Happy Harvest, corn",$1.49,12 oz,,,"Kroger, peas & carrots, green beans, corn, crinkle cur carrots; best price seen: 0.88 w/card",$1.49,16 oz,,,"Publix, broccoli",$1.28,14 oz,,"Great Value, broccoli"
"Waffles, frozen",2022,$1.29,12.3 oz,,,"Breakfast Best, 10 waffles",$1.89,12.3 oz,,,"Kroger, 10 waffles, assorted flavors; best price seen: 1.59 w/card",$2.19,12.3 oz,,,"Publix, 10 waffles, homestyle, buttermilk, blueberry or multi-grain",$1.58,9.9 oz,,"Great Value, 8 waffles, homestyle, buttermilk or blueberry"
"Water, regular/drinking",2022,$2.49,12 L,,,"PurAqua, 24 x 0.5 L (12 L)",$0.59,1 gal,,,"Kroger, drinking water; best price seen: 0.50 w/ card",$0.67,1 gal,,,Publix,$3.98,14 L,,"Nestle / Deer Park, 28 x 500 ml"
"Water, Sparkling/Mineral",2022,,,,,,$1.69,1L,,,"San Pellegrino, best price seen: 3 for $5",$1.50,1L,,,San Pellegrino,$1.50,750 ml,,San Pellegrino
"White Bread/Toast, enriched",2022,$0.79,20 oz,,,L'oven Fresh,$0.88,16 oz,,,Kroger Value; Kroger: 1.29/20 oz,$0.99,20 oz,,,"Publix, ""Large White""",$2.18,20 oz,,"Sara Lee, ""Classic White"" [Great Value: 1.00/20 oz, small slices]"
"Wine, table, Cabernet",2022,$2.89,750 ml,,,Winking Owl,$6.99,750 ml,,,Night Harvest; best price seen: 6.19 w/ card,$5.99,750 ml,,,Little Penguin,$2.97,750 ml,,Oak Leaf
"Wine, table, Chardonnay",2022,$2.89,750 ml,,,Winking Owl,$6.99,750 ml,,,Banrock; best price seen: 6.69 w/ card,$6.49,750 ml,,,Lindeman's,$2.97,750 ml,,Oak Leaf
"Wine, table, White Zinfandel",2022,$2.89,750 ml,,,Winking Owl,$7.49,750 ml,,,Sutter Home; best price seen: 4.99 w/ card,$5.99,750 ml,,,Woodbridge,$2.97,750 ml,,Oak Leaf
"Yoghurt, Dannon (etc.)",2022,$1.79,16 oz,,,"Friendly Farms Probiotic, assorted flavors, 4 x 4 oz, low fat",$2.38,16 oz,,,"Dannon Activa, 4 x 4 oz cups",$2.19,24 oz,,,"Dannon, light & fit, 4 pack (6 oz each), assorted flavors",$2.18,16 oz,,"Dannon Activa, assorted flavors, regular or light"
"Yogurt, Fage, 2%, plain",2022,,,,,,$1.69,7 oz,,,"Fage, 200 g; best price seen: 1.00 w/ card",$1.50,7 oz,,,"Fage, 200 g",$1.27,7 oz,,Fage
"Yogurt, Fage, w/ flavor",2022,$1.19,5.3 oz,,,"Fage, various flavors (""Aldi special buy"")",$1.69,5.3 oz,,,"Fage, w/ cherry or honey, 150 g; best price seen: 1.00 w/ card",$1.50,5.3 oz,,,"Fage, 150 g, cherry, strawberry, peach, mango, blueberry or honey",$1.27,5.3 oz,,"Fage, strawberry, cherry or honey"
"Yogurt, flavored, cup",2022,$0.39,6 oz,,,"Friendly Farms, regular; Fit & Active, non fat, assorted flavors",$0.40,6 oz,,,"Kroger, regular or light, assorted flavors",$0.50,6 oz,,,"Publix, many assorted flavors incl. churros or passion fruit, also fat free and no sugar added",$0.33,6 oz,,"American Basics, assorted flavors, low fat"
"Yogurt, greek style, plain",2022,$0.89,6 oz,,,"Friendly Farms (""Aldi special buy"")",$1.29,5.3 oz,,,Oikos; best price seen: 0.99 w/ card,$3.99,2 lbs,,,"Cabot, regular and low fat",$4.88,16 oz,,"Oikos, nonfat"
"Yogurt, plain",2022,$1.99,32 oz,,,"Fit & Active, non fat",$1.99,32 oz,,,"Kroger, low fat or fat free; best price seen: 3 for $5 w/ card",$2.09,24 oz,,,Publix,$2.18,32 oz,,"Great Value, nonfat"
Aluminum Foil,2025,$1.99,75 sq ft,,,Boulder,$2.49,75 sq ft,,,"Kroger, regular strength; best price seen: 1.69 w/ card",2.45,75 sq ft,,,"Publix, regular strength",$2.97,90 sq ft,,Great Value
Apple Juice,2025,$1.69,64 fl oz,,,Nature's Nectar,$1.50,64 fl oz,,,Kroger Value,$2.69,64 oz,,,"Publix Premium, not from concentrate",$2.68,96 fl oz,,"Great Value, from concentrate"
Apple Sauce,2025,$1.29,25 oz,,,"Sweet Harvest, regular or cinnamon",$2.89,50 oz,,,"Kroger, classic, cinnamon and no sugar added",$2.50,46 oz,,,"Mott's, original, no sugar added (natural) or cinnamon",$1.98,48 oz,,"Great Value, original or cinnamon"
"Apples, Gala, bag",2025,$2.99,3 lbs,,,"Washington apples, various growers",$5.79,5 lbs,,,Kroger,$4.99,3 lbs,,,Various growers,$3.57,3 lbs,,"Washington State, other growers"
"Apples, Red/Golden Delicious (and/or other), bag",2025,$3.29,3 lbs,,,"Washington apples, various growers; Red Delicious, Golden Delicious, Fuji, Granny Smith",$3.99,3 lbs,,,"Kroger, Golden Delicious",$3.99,3 lbs,,,Various growers,$5.57,5 lbs,,"Various growers, Red Delicious"
Bacon,2025,$2.99,16 oz,,,Appleton Farms,$3.79,12 oz,,,Gwaltney; best price seen: 2.00 w/ card,$4.99,16 oz,,,"Publix, original or low sodium",$3.50,16 oz,,"Smithfield, assorted flavors"
"Bagles, plain",2025,$1.49,20 oz,,,"L'oven Fresh, 6 ct",$2.19,22 oz,,,"Kroger, 6 ct; best price seen: 1.79 w/ card",$2.00,20 oz,,,"Publix Premium, 6 bagles, also cinnamon-raisin, onion and multi-grain, (= 2 for $4)",$2.48,22 oz,,"Nature's Own, 6 ct"
"Baguette Rolls, frozen",2025,,,,,,$4.19,11.25 oz,,,Sister Schubert,$3.69,14 oz,,,"Pepperidge Farm, 8 French dinner rolls or 6 mini baguettes",,,,
Baguette/French Bread,2025,,,,,,$1.50,16 oz,,,"Kroger Bakery (""Just Bake It"")",$2.19,12 oz,,,"Publix Bakery, french bread",$1.60,16 oz,,The Bakery at Walmart
Barbeque Sauce,2025,$0.89,18 oz,,,"Burman's, original, hickory or honey",$1.00,18 oz,,,"Kroger, assorted flavors, best price seen: 0.79 with card",$1.99,28 oz,,,"Publix, original, honey and hickory",$1.46,18 oz,,"Kraft, assorted flavors"
Beef Stew Meat,2025,$4.19,per lb,,,"Cattlemen's Ranch, packaged at about 1.5 lbs",$2.74,per lb,,,"Kroger, vacuum pack",$4.49,per lb,,,"Publix Premium, ""beef round chunks""",$4.48,per lb,,Steak House
"Beer, bottle, pilsener, import",2025,$5.99,6 pack,,,"Wernesgrüner, Germany, 6 x 12 oz",$8.99,6 pack,,,"Pilsener Urquell, Czech, 6 x 12 fl oz; best price seen: 7.99 w/ card",$7.99,6 pack,,,"Warsteiner, Gemrnay",$8.47,6 pack,,"Becks, Germany, 6 x 12 oz"
"Beer, cans",2025,,,,,,$23.49,24 pack,,,"Budweiser, 24 x 12 fl oz; best price seen: 17.99 w/ card",$19.99,24 pack,,,"Budweiser, 24 x 12 fl oz",$19.97,30 pack,,"Budweiser, 30 x 12 oz"
"Brats, 4-6 pack",2025,$1.99,14 oz,,,"Parkview, 6 brats, smoked, cheddar or stadium style",$2.59,18 oz,,,"Kroger, 5 ct; best price seen: 3.50 w/ card",$3.99,14 oz,,,"Johnsonville, 6 brats, assorted flavors",$2.78,16 oz,,"Johnsonville, 6 brats, smoked or stadium style"
Bread Crumbs,2025,$0.89,15 oz,,,Chef's Cupboard,$1.47,15 oz,,,"Kroger, plain and Italian; best price seen: 1.00 w/ card",$1.79,24 oz,,,"Publix, original and Italian",$1.08,15 oz,,"Great Value, regular or Italian style"
"Bread, 12-grain/multi-grain",2025,$1.89,24 oz,,,L'oven Fresh,$4.29,24 oz,,,Nature's Own; best price seen: BOGO w/ card,$2.59,24 oz,,,Publix Premium,$2.98,24 oz,,Nature's Own
"Breakfast Sausage, frozen",2025,$0.89,7 oz,,,"Breakfast Best, 10 links",$1.99,6.4 oz,,,"Banquet, 10 links, assorted flavors; best price seen: 0.69 w/ card",$2.19,12 oz,,,"Hormel, 12 links",$1.14,7 oz,,"Banquet, 10 links, original, beef or maple"
"Butter, real, unsalted/salted",2025,$2.29,1 lb,,,Countyside Creamery,$2.69,1 lb,,,Kroger; best price seen: 2.00 w/ card,$3.15,16 oz,,,Publix,$2.68,1 lb,,Great Value
"Carrots, whole",2025,$1.29,2 lbs,,,Freshire Farms,$0.99,16 oz,,,Kroger Fresh; best price seen: 1.00 w/ card,$0.99,16 oz,,,"Publix, California carrots",$1.48,2 lbs,,Various growers
"Cereal, Müsli style",2025,,,,,,$2.67,15.3 oz,,,Kroger; best price seen: 1.88 w/ card,$4.29,15.3 oz,,,"Kellogg's, Müslix (with raisins, dates and almonds)",,,,
Cheery Pie Filling,2025,$1.79,21 oz,,,Baker's Corner,$3.99,20 oz,,,Kroger; best price seen: 1.89 w/ card,$3.19,21 oz,,,"Comstock, ""Country Cherry""",$2.28,21 oz,,Comstock
Cheese Singles (imitation),2025,$0.99,10.67 oz,,,"Lynder, 16 slices",$3.59,,,,"Kroger (""Regular American""); best price seen: 2.99 w/ card",$3.19,12 oz,,,"Publix, 16 slices; best price seen: $2.99",$1.18,10.67 oz,,"Sandwich-Mate, 16 slices"
"Cheese, block (regular)",2025,$1.99,8 oz,,,"Happy Farms, assorted varieties",$3.29,8 oz,,,"Kroger, various types; best price seen: 3 for 5.00 w/ card",$3.19,8 oz,,,"Publix, Swiss, Cheddar and other assorted flavors",$2.58,8 oz,,"Kraft, assorted varieties"
"Cheese, Boursin",2025,,,,,,$5.99,5.2 oz,,,Garlic herb; best price seen: BOGO w/ card,$5.99,5.2 oz,,,"Boursin, shallot & chive or garlic & fine herbs",$2.98,5.2 oz,,"Boursin, garlic herb"
"Cheese, Brie 1",2025,$2.99,6 oz,,,"President, brie log (""Aldi special buy"")",$4.79,5 oz,,,"Aluette or Private Selection, extra crème; best price seen: 2.99 w/ card",$8.39,per lb,,,"Publix Deli, U.S. Brie",$4.48,7 oz,,Président
"Cheese, Brie 2",2025,,,,,,$5.99,7 oz,,,President; best price seen: BOGO w/ card,$13.99,per lb,,,Coeur de Lion,$15.98,per lb,,"Saint Louis, double cream, wedges of about 0.25 lb"
"Cheese, Parmesan, jar",2025,$2.39,8 oz,,,"Reggano, 100% real grated",$2.19,8 oz,,,Kroger,$2.15,8 oz,,,"Publix, 100% real grated",,,,
"Cheese, shredded, Mexican style",2025,$2.79,12 oz,,,Happy Farms,$8.99,16 oz,,,Kroger; best price seen: 2.49 w/ card,$3.19,8 oz,,,Publix,$8.68,32 oz,,"Great Value (""Fiesta Blend"")"
"Cheese, shredded, Mozarella",2025,$2.99,16 oz,,,Happy Farms,$1.50,8 oz,,,"Kroger Value (""Mozzarella Melt Topping"")",$3.19,8 oz,,,Publix,$2.24,8 oz,,Great Value
"Cheese, sliced, deli",2025,,,,,,$4.38,8 oz,,,"Private Selection (packaged), various types, deli section; best price seen: 3.50 w/ card",$5.29,8 oz,,,"Jarlsberg Lite, 10 slices",$3.98,8 oz,,"Prima Della, 10 slices, assorted varieties (deli section)"
"Cheese, sliced, regular",2025,$1.99,8 oz,,,"Happy Farms, 10 slices",$2.69,6 oz,,,"Kroger (""Deli Thin Slices""), Swiss or Provolone; best price seen: 1.50 w/ card",$2.79,6 oz,,,"Publix, Swiss, 8 slices (other types: 8 oz/10 slices)",$2.28,8 oz,,"Great Value, 12 slices, assorted varieties"
"Cheese, wedge, deli",2025,,,,,,$6.99,per lb,,,"Jarlsberg, deli section",$9.39,per lb,,,Jarlsberg,$6.98,per lb,,Jarlsberg (deli section)
"Chicken Breasts, frozen",2025,$5.49,3 lbs,,,Kirkwood,$8.99,3 lbs,,,Kroger; best price seen: 5.99 w/ card,$6.49,32 oz,,,Publix,$6.98,3 lbs,,Great Value
"Chicken Nuggets, frozen",2025,$3.99,32 oz,,,Kirkwood,$3.79,13.25 oz,,,Tyson's; best price seen: 2.49 w/ card,$5.99,29 oz,,,Perdue,$4.47,29 oz,,Great Value
"Chicken Tenderloins, frozen",2025,$5.99,2.5 lbs,,,Kirkwood,$8.99,3 lbs,,,"Kroger, best price seen: 5.99 w/ card",$6.99,32 oz,,,Cookin' Good,$6.98,3 lbs,,Tyson
"Chips, potato chips",2025,$1.49,11 oz,,,"Clancy's, assorted",$2.99,11 oz,,,"Lay's, assorted flavors; best price seen: 1.88 w/ card",$2.59,8 oz,,,"Publix, assorted styles and flavors",$2.68,10.5 oz,,"Lay's, assorted flavors"
Chocolate Chip Cookie Dough,2025,$1.99,16 oz,,,"Buehler's, makes 24 cookies",$2.19,16.5 oz,,,"Kroger, makes 24 cookies; best price seen: 1.79 w/ card",$2.59,16 oz,,,"Publix, makes 24 cookies, brake-and-bake style",$2.18,16.5 oz,,Great Value [Pillsbury: 2.58]
Cocoa Rice Cereal,2025,$1.69,11 oz,,,Millville,$1.99,15 oz,,,Kroger; best price seen: 3 for $5 w/ card,$2.75,15 oz,,,"Publix, ""Cocoa Crisp""",$2.00,13.75 oz,,Great Value
Coconut Milk,2025,,,,,,$2.29,13.5 oz,,,Goya,$1.49,13.5 fl oz,,,Conchita,$1.58,13.5 fl oz,,Grace
Coffee,2025,$4.99,17.6 oz,,,"Grandessa, German Roasted, mild or regular",$4.19,11.5 oz,,,"Kroger, breakfast blend; best price seen: 3.29 w/ card",$5.99,11 oz,,,"Eight O'Clock, various roasts / flavors",$4.98,12 oz,,"8 O'Clock Coffee, Original or Colombian"
"Cold Cuts, ham or chicken",2025,$3.29,1 lb,,,"Lunch Mate, ham, chicken or turkey",$3.79,16 oz,,,"Kroger (""Deli Style""), ham, chicken or turkey; best price seen: 2.99 w/ card",$4.99,1 lb,,,"Publix, ham or turkey, assorted flavors",$3.98,1 lb,,LandO'Frost
"Cold Cuts, turkey variety",2025,,,,,,$3.69,12 oz,,,"Butterball, 16 slices; best price seen: 2.00 w/ card",$3.29,12 oz,,,Oscar Mayer,,,,
"Corn Flakes, regular",2025,$1.69,18 oz,,,Millville,$0.99,14 oz,,,Kroger Value,$2.29,18 oz,,,Publix,$1.88,18 oz,,Great Value
"Corn Flakes, sugar frosted",2025,$1.79,17 oz,,,Millville,$1.25,8 oz,,,Kroger Value,$2.89,17 oz,,,Publix,$2.48,23 oz,,Great Value
Cottage Cheese,2025,$1.99,24 oz,,,"Friendly Farms, regular or low fat",$1.69,16 oz,,,"Kroger, small or large curd, low fat and fat free; best price seen: 1.25 w/ card",$2.55,24 oz,,,"Publix, small curd, large curd, low fat or fat free",$2.78,24 oz,,"Great Value, small & large curd, reg or fat free"
Cream Cheese,2025,$1.19,8 oz,,,"Happy Farms (regular), Fit & Active (low fat, Neufchatel)",$1.00,8 oz,,,Kroger,$0.99,8 oz,,,"Publix, regular or low fat (Neufchatel)",$1.98,8 OZ,,Great Value
"Cream, heavy whipping",2025,,,,,,$2.39,1 pt,,,Naturally Preferred; best price seen: 1.99 w/ card,$1.89,8 fl oz,,,Publix,$2.18,8 fl oz,,"Mayfield, 236 ml"
Croissants,2025,$2.49,10 oz,,,"L'oven Fresh, 10 ct, mini butter croissants",$3.99,4 ct,,,Kroger Luxury; best price seen: 3.49 w/ card,2.39,4 oz,,,"Publix Bakery, 2 ct, all butter",$3.00,12 oz,,"The Bakery at Walmart, 6 ct"
"Eggs, cage free",2025,,,,,,$2.19,dozen,,,"Private Selection, large brown, regular section",$3.39,dozen,,,"4-Grain, large, brown, grade A",$3.18,dozen,,"Great Value, large brown, Grade A"
"Eggs, regular",2025,$1.09,dozen,,,"Goldhen, grade A large, white",$1.89,dozen,,,"Kroger, large white; best price seen: 1.18 w/ card",$1.99,dozen,,,"Publix, large, white, grade A",$1.88,dozen,,"Sunny Meadow, large white, Grade A"
"Fish 1, frozen (flounder)",2025,$3.99,16 oz,,,"Sea Queen, 4 fillets (wild caught)",$5.99,12 oz,,,"Kroger, 3 fillets, wild caught; best price seen: 3.99 w/ card",$7.99,12 oz,,,"Publix, 3 fillets",$5.27,2 lbs,,No name/ Walmart generic; Walmart fish is Chinese. There have been health concerns with Chinese fish in the past.
"Fish 2, frozen (tilapia)",2025,$4.49,24 oz,,,"Tilapia, Sea Queen, 6 fillets",$5.99,12 oz,,,Kroger; best price seen: 4.39 w/ card,$8.99,24 oz,,,"Publix, 6 fillets",$4.48,16 oz,,"Tilapia, No name/Walmart generic; also see note above"
"Fish 3, frozen (mahi mahi and/or other)",2025,$3.99,24 oz,,,"Mahi Mahi, Sea Queen, 4 fillets (wild caught)",$9.99,12 oz,,,Kroger; best price seen: 8.79 w/ card,$7.99,32 oz,,,"Publix, Whiting, app. 8 fillets",$4.94,16 oz,,No name/ Walmart generic
"Flour, all purpose",2025,$1.59,5 lbs,,,"Baker's Corner, enriched and bleached",$2.79,5 lbs,,,"Kroger, bleached or unbleached; best price seen: 2.39 w/card",$2.29,5 lbs,,,"Publix, bleached and unbleached",$1.96,5 lbs,,"Great Value, enriched, bleached & pre-sifted"
"Flour, self rising",2025,$1.59,5 lbs,,,"Baker's Corner, enriched and bleached",$2.79,5 lbs,,,"Kroger, bleached; best price seen: 2.39 w/card",$2.29,5 lbs,,,"Publix, bleached",$2.48,5 lbs,,"Great Value, enriched, bleached & pre-sifted"
"French Fries, frozen",2025,$1.89,32 oz,,,Season's Choice,$1.99,32 oz,,,"Kroger, various cuts; best price seen: 1.79 w/ card",$2.99,32 oz,,,"Publix, original, crinkle cut or seasoned",$1.97,32 oz,,"Great Value, assorted cuts"
"Fruit 1, frozen (strawberries)",2025,$1.99,16 oz,,,"Season's Choice, strawberry or mixed fruit",$2.99,16 oz,,,"Private Selection, pineapple, strawberries or smoothie blend; best price seen: 1.69 w/ card",$2.39,16 oz,,,"Publix, strawberries, whole",$2.33,16 oz,,"Great Value, strawberries"
"Fruit 2, frozen (cherries and/or other)",2025,$2.99,16 oz,,,"Season's Choice, raspberries or ""Triple Berry Blend""",$4.59,16oz,,,"Private Selection, cherries; best price seen: 2.88 w/ card",$3.29,12 oz,,,"Publix, cherries",$3.23,12 oz,,"Great Value, blueberries"
"Granola Bars, high fiber",2025,$1.89,7 oz,,,"Millville, 6 bars, chocolate or peanut butter",$2.39,7 oz,,,"Active Lifestyle, 5 bars, best price seen: 3 for $5",$3.19,7 oz,,,"Publix, 5 bars, assorted flavors; best price seen: 2.19",$2.98,7 oz,,"Fiber One, 5 bars, chocolate, peanut butter or caramel"
"Granola Bars, regular",2025,$1.59,8.4 oz,,,"Millville, 10 bars, assorted flavors",$2.39,6.7 oz,,,"Quaker, 10 bars, chewy, assorted flavors; best price seen: 1.67 w/ card",$2.59,8.4 oz,,,"Publix, 10 bars, chocolate chip",$2.18,6.7 oz,,"Quaker, 10 bars, assorted flavors"
"Grapes, red",2025,$2.99,2 lbs,,,"King Fresh, Produce Kountry and other growers, seedless",$1.99,per lb,,,"various growers, seedless; best price seen: 1.48 w/ card",$1.49,per lb,,,From Chile,$1.88,per lb,,
"Green Beans, canned",2025,$0.59,14.5 oz,,,"Happy Harvest, French style or cut",$0.69,14.5 oz,,,"Kroger, whole, cut or French style; best price seen: 0.50 w/card",$0.79,14.5 oz,,,"Publix, original, Italian or French cuts and no salt added",$0.68,14.5 oz,,"Great Value, French style or cut"
"Ground Beef (chuck, 80/20)",2025,$2.89,per lb,,,All natural,$2.79,1 lb,,,"Kroger, 80/20, plastic roll",$3.99,per lb,,,Publix,$3.28,1 lb,,"Steak House, plastic roll"
"Ground Beef (sirloin, 90/10)",2025,$3.49,per lb,,,All natural,$4.59,per lb,,,"Kroger, 90/10",$4.99,per lb,,,Publix Fresh,$4.18,per lb,,"Steak House, 93/7"
"Ground Beef, frozen",2025,$2.79,1 lb,,,"No name, 85%, all natural",$10.99,3 lbs,,,"Kroger, chuck; best price seen: 9.99 w/ card",,,,,,$2.88,1 lb,,80%
Ground Turkey,2025,$2.99,19.2 oz,,,"Fit & Active, Prestage Farms",$2.26,19.2 oz,,,"Kroger, 85/15; best price seen: 1.35 w/ card",$4.39,16 oz,,,Plainville Farms,$2.33,16 oz,,"Butterball, plastic roll"
"Ground Turkey, frozen",2025,$1.69,1 lb,,,Kirkwood,$4.99,1 lb,,,Honeysuckle White,,,,,,$2.88,1 lb,,Jennie-O
"Ham, boneless",2025,$2.99,per lb,,,"Appleton, sliced, packaged at 2 lbs, 1/4 ham",$6.39,24 oz,,,Hormel,$3.99,per lb,,,"Hormel, ""dinner ham,"" quarters",$3.38,per lb,,"Kentucky Legend, original or honey, packaged at 3-4 lbs"
Honey,2025,$4.49,24 oz,,,"Berry Hill, clover honey, all natural, 100% pure",$5.78,32 oz,,,"Kroger Value, pure honey",$9.49,48 oz,,,"North American, (3 lbs)",$4.98,24 oz,,"Great Value, clover honey"
Honey Crunch Oats,2025,$1.89,16 oz,,,Millville,$2.49,14.5 oz,,,"Kroger (""Honey Crisp Medley""); best price seen: 1.88 w/ card",$2.85,14.5 oz,,,"Publix, ""honey & oats""",$1.98,18 oz,,"Great Value (""Crunch Honey Oast"")"
Hot Dog Buns,2025,$0.99,12 oz,,,"L'oven Fresh, 8 ct",$1.39,8 ct,,,Kroger; best price seen: 0.88 w/ card,$0.99,13 oz,,,"Publix, 8 ct",$1.25,12 oz,,"Great Value, 8 ct"
"Hot Dogs, beef",2025,$2.29,16 oz,,,"Parkview, 8 ct",$5.29,,,,"Ball Park, 8 ct",$3.59,16 oz,,,"Publix, ""Jumbo Beef Franks,"" 8 ct",,,,
"Ice Cream, premium",2025,$2.49,1.75 qt,,,"Belmont, assorted flavors",$5.49,48 fl oz,,,"Private Selection, 1.5 qt, assorted flavors; best price seen: 2.50 w/ card",$4.59,0.5 gal,,,"Publix Premium, assorted natural flavors",$3.38,1.5 qt,,"Great Value, assorted flavors"
"Ice Cream, simple",2025,$1.99,0.5 gal,,,"Sundae Shoppe, assorted flavors",$1.50,1.25 qt,,,"Kroger Value, assorted flavors",$2.99,0.5 gal,,,"Publix, vanilla, chocolate, Neapolitan",$1.98,1.75 qt,,"Polar Treats, assorted flavors"
"Jalopeño Peppers, canned",2025,$1.19,12 fl oz,,,"Tuscan Garden, rings, hotor mild",$1.34,12 oz,,,"La Costeña, sliced; best price seen: 1.29 w/ card",$2.49,26 oz,,,"La Costeña, whole",$0.86,13.4 oz,,"Great Value, whole"
Ketchup,2025,$1.49,40 oz,,,Burman's,$1.29,36 oz,,,"Kroger Value, best price seen: 1.15",$1.99,36 oz,,,Publix,$1.24,35 oz,,Hunt's
Kielbasa,2025,$1.99,16 oz,,,Parkview,$2.97,16 oz,,,Kroger; best price seen: 2.50 w/ card,$3.49,16 oz,,,Carolina Pride,$2.78,16 oz,,Hillshire Farm
Lemons,2025,$1.99,2 lbs,,,Various growers,$3.49,2 lbs,,,various growers; best price seen: 2.99 w/ card,1.99,for 3,,,"Sunkist, app. 12 oz",$1.98,2 lbs,,Various growers
"Lettuce, iceberg",2025,$0.99,head,,,Capurro and other growers,$1.25,head,,,"various growers, iceberg",$1.69,head,,,Various growers,$1.18,head,,Fresh from Florida and other growers
"Mandarin Oranges, canned",2025,$0.49,11 oz,,,Sweet Harvest,$1.00,11 oz,,,"Kroger, best price seen: 3/1.00",$0.97,11 oz,,,Publix,$0.78,11 oz,,Great Value
Margarine/Spread,2025,$0.99,16 oz,,,"Countyside Creamery (""Tastes Like Butter"")",$1.49,15 oz,,,"Kroger (""Butter It's Not""); best price seen: 1.00 w/ card",$2.47,15 oz,,,"I Can't Believe It's Not Butter, original, olive oil or light",$1.48,15 oz,,"Blue Bonnet, regular or light"
Mayonnaise,2025,$2.19,30 fl oz,,,Burman's,$2.99,32 oz,,,"Kroger, 'Classic' and 'Lite'; best price seen: 2.29 w/ card",2.79,32 oz,,,Sauer's,$2.92,32 fl oz,,"Great Value, regular or light"
Milk,2025,$1.99,1 gal,,,"Friendly Farms, whole, 2% or non fat",$3.19,1 gal,,,"Kroger, whole, 2% or non fat; best price seen: 2.99 w/ card",$3.39,1 gal,,,"Publix, whole, 2%, 1% or fat free; best price seen: $2.99",$2.98,1 gal,,"Great Value, Vitamin D, 2%, 1%"
Milk Chocolate Bar,2025,$1.49,5.29 oz,,,"Choceur, Austrian",$2.49,3.5 oz,,,"Lindt, Swiss; best price seen: 2.00 w/ card",$2.59,3.5 oz,,,"Lindt, Swiss, ""Extra Creamy""",$2.23,4.4 oz,,Lindt
"Milk, organic",2025,,,,,,$3.79,0.5 gal,,,"Simple Truth Organic, whole, 2% and fat free; best price seen: 2.99 w/ card",$3.89,2 qt,,,"Publix GreenWise, reduced fat and fat free",$3.38,2 qt,,"Great Value, Vitamin D, 2%, fat free"
"Mushrooms, Button, whole",2025,$0.99,8 oz,,,Freshire Farms,$1.99,8 oz,,,Fresh Select; best price seen: 1.50 w/ card,$2.50,8 oz,,,Publix,$3.48,16 oz,,Monterey
"Mushrooms, stems/pieces",2025,$0.59,4 oz,,,Happy Harvest,$0.99,7 oz,,,"Kroger, reg. and no salt added, dry weight 4 oz; best price seen: 0.69 w/ card",$1.59,13.25 oz,,,"Publix, dry weight 8 oz",$0.98,4 oz,,Great Value
"Mustard, dijon",2025,$0.99,12 oz,,,Burman's,$1.49,12 oz,,,Kroger; best price seen: 0.88 w/ card,1.69,12 oz,,,Publix,$2.92,10 oz,,Grey Poupon
"Mustard, yellow",2025,$0.69,14 oz,,,Burman's,$1.49,24 oz,,,Kroger; best price seen: 0.71 w/ card,1.15,16 oz,,,Publix,$0.84,16 oz,,Great Value
Nutella,2025,,,,,,$3.99,13 oz,,,Real Nutella; best price seen: 3.39 [Kroger brand 2.99/13oz; best price seen: 2.39 w/ card],$3.99,13 oz,,,Nutella,$3.28,13 oz,,Nutella
Oat Meal,2025,$1.49,15.1 oz,,,"Millville, 10 packets, maple & brown sugar, also as variety pack",$1.50,12.6 oz,,,"Active Lifestyle, assorted flavors; best price seen: 1.25 w/ card",$1.50,11.8 oz,,,"Publix, 12 packets (original); same price but 10 packs: variety pack, maple & brown sugar, cinnamon & spice, apple & cinnamon",$1.68,15 oz,,"Great Value, 10 packets, assorted flavors, also as variety pack"
"Oil, Canola, 100% pure",2025,$2.69,48 fl oz,,,Carlini,$2.99,48 fl oz,,,Kroger,$3.85,48 fl oz,,,Publix,$3.58,48 fl oz,,Great Value
"Oil, Olive, 100% pure",2025,$2.99,16.9 fl oz,,,Carlini,$7.89,34 fl oz,,,Kroger; best price seen: 6.69 w/ card,$9.39,34 fl oz,,,Publix,$4.88,25.5 fl oz,,Great Value
"Oil, Olive, extra virgin",2025,$3.49,16.9 fl oz,,,Carlini,$8.29,34 fl oz,,,Kroger; best price seen: 7.09 w/ card,$9.99,34 fl oz,,,Publix,$5.58,17 fl oz,,Great Value
"Onions, yellow",2025,$1.69,3 lbs,,,Various growers,$2.29,3 lbs,,,Kroger Value,$2.99,3 lbs,,,Publix,$3.48,3 lbs,,Basin Gold
"Orange Juice, not from concentrate",2025,$2.39,2 qt,,,Nature's Nectar,$3.49,59 fl oz,,,Florida's Natural,$2.99,59 fl oz,,,"Publix Premium, 1.8 qt",$2.12,2 qt,,Great Value (1.85 qt)
Oranges,2025,$2.99,4 lbs,,,"Various growers, navel",$6.99,8 lbs,,,"various growers, navel",$3.49,4 lbs,,,"Various growers, Florida",$4.98,4 lbs,,"Various growers, navel"
"Pancetta or Ham, diced",2025,,,,,,$5.79,4 oz,,,"Private Selection or Boar's Head, deli section",?,8 oz,,,"Cumberland Gap, diced ham",$3.18,4 oz,,Fiorucci
Paper Towles,2025,$5.99,8 rolls,,,"Boulder, 2-ply, 416 sheets total",$0.70,1 roll / 60 sheets,,,"Kroger Value, 2-ply; best price seen: 0.58 w/ card",$1.33,1 roll/105 sheets,,,"Publix, (= 3 for $4)",$5.97,8 rolls,,"Sparkle, 2-ply, 384 sheets total"
"Pasta, Egg Noodles",2025,$0.99,12 oz,,,Reggano,$1.50,16 oz,,,Kroger Value,$1.79,16 oz,,,"Publix, extra wide, wide, medium and fine",$1.68,16 oz,,Great Value
"Pasta, Ellbow Maccaroni",2025,$1.69,32 oz,,,Reggano,$0.88,16 oz,,,Kroger Value,$0.99,16 oz,,,Publix,$2.82,48 oz,,Great Value
"Pasta, Penne Rigate",2025,$0.99,16 oz,,,Reggano,$1.39,12 oz,,,"Kroger, whole wheat, whole grain; best price seen: 1.19 w/ card",$0.99,16 oz,,,"Mueller's, whole grain",$1.08,13.25,,Great Value
"Pasta, Rotini/Rotelle/Fusilli",2025,$1.49,16 oz,,,"Priano, premium fusilli",$1.39,13.25 oz,,,"Kroger, whole grain; best price seen: 1.49 w/ card",$0.99,16 oz,,,Ronzoni,$1.08,13.25,,Great Value
"Pasta, Spaghetti",2025,$1.59,32 oz,,,Reggano,$0.88,16 oz,,,Kroger Value,$0.99,16 oz,,,Publix,$1.88,32 oz,,Great Value
Peanut Butter,2025,$2.29,18 oz,,,"BerryHill, creamy and crunchy",$2.79,18 oz,,,"Kroger, creamy, crunchy and honey roasted; best price seen: 1.25 w/ card",$3.29,18 oz,,,"Publix or Peter Pan, crunchy and creamy",$2.56,18 oz,,Great Value
"Peanuts, roasted",2025,$2.69,16 oz,,,Southern Grove,$2.64,16 oz,,,"Kroger, best price seen: 2.19 w/ card",$2.99,16 oz,,,"Publix, unsalted, lightly salted or salted",$2.88,16 oz,,Great Value
Pears,2025,$1.99,2 lbs,,,,$1.39,per lb,,,"Bosc, Bartlett",$0.99,per lb,,,Bosc,$1.77,per lb,,"Bosc, Bartlett"
"Pepper, black, ground",2025,$1.99,4 oz,,,"Spice Club, pure ground",$3.99,4 oz,,,"Kroger, pure ground; best price seen: 1.99 w/ card",$2.49,4 oz,,,"Publix, pure ground",$2.82,4 oz,,"Great Value, pure ground"
Pizza Dough,2025,?,,,,,$2.99,11 oz,,,"Pillsbury, thin or regualr crust; best price seen: 1.25 w/ card",$2.79,13.8 oz,,,"Pillsbury, ""Pizza Crust,"" pop-open roll; best price seen: 3 for $6",$2.24,13.8 oz,,Pillsbury
"Pizza, frozen (premium)",2025,$3.89,32.7 oz,,,"Mama Cozzi's, self-rising crust, pepperoni or supreme",$3.67,21.6 oz,,,"Tombstone, assorted flavors; best price seen: 2.69 w/card",$5.89,28 oz,,,"Publix Premium, assorted toppings, (weights vary)",$4.25,28.3 oz,,"Great Value, rising crust, assorted styles"
"Pizza, frozen (simple)",2025,$1.99,21.1 oz,,,"Mama Cozzi's, pepperoni, sausage, combo, extra cheese or deluxe",$2.99,21.5 oz,,,"Kroger, extra cheese, supreme or pepperoni; best price seen: 2.50 w/ card",$3.99,22 oz,,,"Publix, 4 cheeses, pepperoni or supreme",$3.33,20 oz,,"Red Baron (""Classic Crust"")"
Plastic Wrap,2025,$1.49,200 sq ft,,,Boulder,$1.99,200 ft,,,Kroger; best price seen: 1.50 w/ card,$2.69,200 sq ft,,,Publix,$1.53,200 sq ft,,Glad
"Pork Tenderloin, small",2025,$3.99,per lb,,,"Roseland, packaged at about 1.5 lbs",$4.27,per lb,,,"Kroger, total weight: 1-2 lbs; best price seen: 1.99 w/ card",$6.49,per lb,,,"Publix, packaged at 1-2 lbs",$3.98,per lb,,"Tyson, packaged at around 3 lbs"
"Potatoes, gold (Yukon)",2025,$2.99,5 lbs,,,Del Monte,$5.99,5 lbs,,,Kroger Fresh,$4.99,5 lbs,,,Publix,$4.47,5 lbs,,Various growers
"Potatoes, red",2025,$2.49,5 lbs,,,"Freshire Farms, Del Monte",$3.49,5 lbs,,,Kroger,$4.69,5 lbs,,,Publix,$2.97,5 lbs,,Various growers
"Potatoes, Russet",2025,$2.89,5 lbs,,,"Freshire Farms, Del Monte",$3.29,5 lbs,,,Kroger Fresh; best price seen: 1.98 w/ card,$2.99,5 lbs,,,Publix,$4.47,5 lbs,,Various growers
"Preserves, strawberry",2025,$1.59,18 oz,,,"Berry Hill, strawberry",$2.49,18 oz,,,"Kroger, strawberry and peach; best price seen: 1.69 w/ card",$2.29,18 oz,,,"Publix, not Jelly, (other flavors = different price)",$2.08,18 oz,,"Great Value, strawberry"
Pretzels,2025,$1.29,16 oz,,,"Clancys, mini & sticks",$1.67,15 oz,,,"Kroger, sticks or twists; best price seen: 1.00 w/ card",$1.99,16 oz,,,"Publix, mini twist, large twist, pretzel sticks",$2.98,16 oz,,"Snyder's, mini or sticks"
Red Cabbage,2025,,,,,,$1.79,16 oz,,,Aunt Nellie's; best price seen: 1.69 w/ card,$1.69,16 oz,,,Aunt Nellie's,,,,
"Ribs, Baby Back (pork, unseasoned)",2025,$3.49,per lb,,,"Roseland, packaged at about 3-5 lbs",$3.99,per lb,,,; best price seen: 2.99 w/ card,,,,,,$3.98,per lb,,Tyson
"Ribs, Spare Back (pork, unseasoned)",2025,?,,,,,$2.99,per lb,,,,,,,,,$2.98,per lb,,Tyson
"Rice, instant, white",2025,$2.49,28 oz,,,"Rice Bowl, enriched",$1.49,14 oz,,,"Kroger, enriched",$2.79,28 oz,,,Publix,$2.48,28 oz,,"Great Value, enriched"
"Rice, regular",2025,$1.69,3 lbs,,,"Rice Bowl, enriched, long grain white",$2.98,5 lbs,,,Kroger Value,$2.79,3 lbs,,,Publix,$1.28,2 lbs,,"Great Value, enriched, long grain white"
Salad Dressing,2025,$1.39,16 fl oz,,,"Fit & Active (reduced fat), various types; Tuscan Garden (regular), Ranch",$1.67,16 fl oz,,,"Kroger, assorted flavors; best price seen: 1.18 w/ card",$1.67,16 fl oz,,,"Publix, assorted flavors",$1.66,16 fl oz,,"Great Value, assorted flavors"
"Salami, sliced",2025,$2.79,8 oz,,,"Deli Premium, hard or Genoa salami",$2.74,8 oz,,,Kroger; best price seen: 2.99 w/ card,$5.39,10 oz,,,Publix Deli,$2.48,4.5 oz,,"Hormel or Fiorucci, deli section"
"Salami, whole (1)",2025,,,,,,$8.99,10.5 oz,,,"Boar's Head, Genoa Salame, deli section",$5.99,7 oz,,,"Boar's Head, ""Italian Dry Salame""",$3.98,7 oz,,"Daniele, assorted varieties"
"Salami, whole (2)",2025,,,,,,$7.99,10 oz,,,"Columbus, Italia Dry Salame, deli section",$7.89,10.5 oz,,,"Boar's Head, ""Genoa Salame""",,,,
"Salsa, medium",2025,$1.49,24 oz,,,Casa Mamita,$2.69,26 oz,,,Kroger; best price seen: 1.79 w/ card,$1.87,16 oz,,,"Publix, all natural",$1.98,24 oz,,Great Value
"Salt, iodized",2025,$0.35,26 oz,,,"Stonemill, iodized",$0.47,26 oz,,,"Kroger, iodized",$0.38,26 oz,,,Publix,$0.72,26 oz,,"Morton, iodized"
"Soda, bottle",2025,$0.69,2 L,,,"Summit, Citrus Twist or GT Cola",$0.88,2 L,,,"Big K, assorted flavors; best price seen: 0.79 w/ card",$0.89,2 L,,,"Publix, assorted flavors, including cola,organe and root beer",$1.38,2 L,,"Pepsi, 7up, Dr. Pepper, etc."
"Soda, bottle (Coke product)",2025,,,,,,$1.67,2 L,,,Coca Cola; best price seen: 1.25 w/ card,$1.89,2 L,,,Coca Cola; best price seen: 2 for $3,$1.38,2 L,,"Coca-Cola, etc."
"Soda, can",2025,$2.29,12 pack,,,"Summit, GT Cola, Mountain Frost and other flavors",$2.77,12 pack,,,"Big K, assorted flavors, 4.25L; best price seen: 1.83 w/ card",$2.99,12 pack,,,"Publix, cola, lemon lime or ginger ale",$3.98,12 pack,,"7up, Dr. Pepper, A&W Root Beer,etc."
"Soda, can (Coke product)",2025,,,,,,$4.99,12 pack,,,"Coca Cola, 4.26 L; best price seen: 3.00 w/ card",$4.99,12 pack,,,Coca Cola,$3.98,12 pack,,"Coca-Cola, etc."
"Soup, Chicken Noodle, condensed",2025,$0.59,10.5 oz,,,Chef's Cupboard,$0.67,10.5 oz,,,"Kroger, best price seen: 0.50 w/ card",$0.59,10.5 oz,,,Publix,$0.64,10.5 oz,,Great Value
"Soup, Chicken Noodle, regular",2025,$1.39,18.6 oz,,,Fit & Active,$1.87,18.6 oz,,,"Kroger, chunky; best price seen: 1.25 w/ card",$1.99,18.6 oz,,,Publix,$1.48,18.5 oz,,"Progresso, light"
"Soup, organic",2025,,,,,,$2.98,14.5 oz,,,"Amy's Organic Soups, assorted flavors with meat; best price seen: 2.00 w/ card",$2.19,14.8 oz,,,"Muir Glen, assorted falvors; best price seen: 3 for $5",$1.98,14.5 oz,,"Amy's, assorted flavors"
"Soup, Tomato, condensed",2025,$0.49,10.75 oz,,,Chef's Cupboard,$1.09,10.75 oz,,,Kroger; best price seen: 0.49 w/ card,$0.59,10.75,,,Publix,$0.64,10.75 oz,,Great Value
"Soup, Tomato, regular",2025,,,,,,$2.07,19 oz,,,"Progresso, tomato basil",$2.29,19 oz,,,"Progresso, ""Tomato Basil""",$1.48,19 oz,,"Progresso (""creamy tomato basil"")"
Sour Cream,2025,$1.29,16 oz,,,"Friendly Farms, regular or light",$1.54,16 oz,,,"Kroger, original, reduced fat, fat free and all natural; best price seen: 1.00 w/ card",$2.59,24 oz,,,"Publix, regular (light and fat free available in 16oz size)",$1.58,16 oz,,"Great Value, regular, light or fat free"
Spaghetti Sauce,2025,$1.19,24 oz,,,"Reggano, traditional, meat or mushroom",$1.27,26 oz,,,"Kroger, assorted flavors; best price seen: 1.00 w/ card",$1.35,26 oz,,,"Publix, assorted flavors",$1.33,26 oz,,"Great Value, assorted flavors"
"Sugar, brown",2025,$1.49,32 oz,,,Baker's Corner,$2.19,32 oz,,,Kroger; best price seen: 1.49 w/ card,$1.09,16 oz,,,"Publix, light brown",$1.88,32 oz,,Great Value
"Sugar, powdered",2025,$1.49,32 oz,,,Baker's Corner,$2.19,32 oz,,,Kroger; best price seen: 1.49 w/ card,$1.90,16 oz,,,Publix,$1.88,32 oz,,Great Value
"Sugar, white",2025,$2.19,4 lbs,,,Baker's Corner,$2.58,4 lbs,,,Kroger Value,$3.49,5 lbs,,,Publix,$2.88,5 lbs,,Great Value
"Syrup, breakfast",2025,$1.59,24 fl oz,,,"Aunt Maple's, regular or lite",$1.98,24 fl oz,,,Kroger Value,$2.59,24 fl oz,,,"Publix, pancake and butter maple, also lite",$1.98,24 fl oz,,"Great Value, regular, butter flavor, light, sugar free"
"Tea, green, bags",2025,$1.19,1.5 oz,,,"Benner, 24 Bags",$2.49,3.75 oz,,,"Kroger, 48 bags; best price seen: 2.19 w/ card",$3.39,1.83 oz,,,"Salada, 40 bags",$2.18,0.91 oz,,Bigelow
Tomato Paste,2025,$0.39,6 oz,,,Happy Harvest,$0.59,6 oz,,,Kroger; best price seen: 0.45 w/ card,$0.60,6 oz,,,"Publix, (= 5 for $3)",$0.44,6 oz,,Great Value
Tomato Sauce,2025,$0.29,8 oz,,,Happy Harvest,$0.33,8 oz,,,Kroger; best price seen: 0.25 w/ card,$0.65,15 oz,,,"Publix, (= 2 for 1.29)",$0.34,8 oz,,Great Value
"Tomatoes, slicer",2025,$1.59,24 oz,,,"Various growers, 3ct",$1.99,per lb,,,"various growers, on vine",$1.69,per lb,,,"Various growers, ""premium tomatos""",$1.74,per lb,,Slicer tomatoes
"Tuna, chunky, in water",2025,$0.59,5 oz,,,Northern Catch,$0.75,5 oz,,,"Kroger, chunky light",$1.39,5 oz,,,StarKist,$0.64,5 oz,,Great Value
"Tuna, solid, in water",2025,$1.15,5 oz,,,Northern Catch,$1.99,5 oz,,,Kroger; best price seen: 1.29 w/ card,$1.77,5 oz,,,StarKist,$1.12,5 oz,,StarKist
"Vanilla Extract, pure (not imitation)",2025,$1.99,2 fl oz,,,Stonemill,$6.99,4 fl oz,,,Kroger; best price seen: 5.99 w/ card,$5.49,2 fl oz,,,Publix,,2 fl oz,,Great Value
"Veggies 1, frozen (peas)",2025,$0.89,16 oz,,,"Happy Harvest, peas",$2.48,32 oz,,,"Kroger Value, peas or mixed vegetables; best price seen: 0.88 w/ card",$1.59,16 oz,,,"Publix, peas, corn, peas & carrots",$0.98,16 oz,,"Great Value, peas, corn, green beans, peas & carrots, mixed vegetables"
"Veggies 2, frozen (other)",2025,$0.65,16 oz,,,"Happy Harvest, corn",$1.49,12 oz,,,"Kroger, peas & carrots, green beans, corn, crinkle cur carrots; best price seen: 0.88 w/card",$1.49,16 oz,,,"Publix, broccoli",$1.28,14 oz,,"Great Value, broccoli"
"Waffles, frozen",2025,$1.29,12.3 oz,,,"Breakfast Best, 10 waffles",$1.89,12.3 oz,,,"Kroger, 10 waffles, assorted flavors; best price seen: 1.59 w/card",$2.19,12.3 oz,,,"Publix, 10 waffles, homestyle, buttermilk, blueberry or multi-grain",$1.58,9.9 oz,,"Great Value, 8 waffles, homestyle, buttermilk or blueberry"
"Water, regular/drinking",2025,$2.49,12 L,,,"PurAqua, 24 x 0.5 L (12 L)",$0.59,1 gal,,,"Kroger, drinking water; best price seen: 0.50 w/ card",$0.67,1 gal,,,Publix,$3.98,14 L,,"Nestle / Deer Park, 28 x 500 ml"
"Water, Sparkling/Mineral",2025,,,,,,$1.69,1L,,,"San Pellegrino, best price seen: 3 for $5",$1.50,1L,,,San Pellegrino,$1.50,750 ml,,San Pellegrino
"White Bread/Toast, enriched",2025,$0.79,20 oz,,,L'oven Fresh,$0.88,16 oz,,,Kroger Value; Kroger: 1.29/20 oz,$0.99,20 oz,,,"Publix, ""Large White""",$2.18,20 oz,,"Sara Lee, ""Classic White"" [Great Value: 1.00/20 oz, small slices]"
"Wine, table, Cabernet",2025,$2.89,750 ml,,,Winking Owl,$6.99,750 ml,,,Night Harvest; best price seen: 6.19 w/ card,$5.99,750 ml,,,Little Penguin,$2.97,750 ml,,Oak Leaf
"Wine, table, Chardonnay",2025,$2.89,750 ml,,,Winking Owl,$6.99,750 ml,,,Banrock; best price seen: 6.69 w/ card,$6.49,750 ml,,,Lindeman's,$2.97,750 ml,,Oak Leaf
"Wine, table, White Zinfandel",2025,$2.89,750 ml,,,Winking Owl,$7.49,750 ml,,,Sutter Home; best price seen: 4.99 w/ card,$5.99,750 ml,,,Woodbridge,$2.97,750 ml,,Oak Leaf
"Yoghurt, Dannon (etc.)",2025,$1.79,16 oz,,,"Friendly Farms Probiotic, assorted flavors, 4 x 4 oz, low fat",$2.38,16 oz,,,"Dannon Activa, 4 x 4 oz cups",$2.19,24 oz,,,"Dannon, light & fit, 4 pack (6 oz each), assorted flavors",$2.18,16 oz,,"Dannon Activa, assorted flavors, regular or light"
"Yogurt, Fage, 2%, plain",2025,,,,,,$1.69,7 oz,,,"Fage, 200 g; best price seen: 1.00 w/ card",$1.50,7 oz,,,"Fage, 200 g",$1.27,7 oz,,Fage
"Yogurt, Fage, w/ flavor",2025,$1.19,5.3 oz,,,"Fage, various flavors (""Aldi special buy"")",$1.69,5.3 oz,,,"Fage, w/ cherry or honey, 150 g; best price seen: 1.00 w/ card",$1.50,5.3 oz,,,"Fage, 150 g, cherry, strawberry, peach, mango, blueberry or honey",$1.27,5.3 oz,,"Fage, strawberry, cherry or honey"
"Yogurt, flavored, cup",2025,$0.39,6 oz,,,"Friendly Farms, regular; Fit & Active, non fat, assorted flavors",$0.40,6 oz,,,"Kroger, regular or light, assorted flavors",$0.50,6 oz,,,"Publix, many assorted flavors incl. churros or passion fruit, also fat free and no sugar added",$0.33,6 oz,,"American Basics, assorted flavors, low fat"
"Yogurt, greek style, plain",2025,$0.89,6 oz,,,"Friendly Farms (""Aldi special buy"")",$1.29,5.3 oz,,,Oikos; best price seen: 0.99 w/ card,$3.99,2 lbs,,,"Cabot, regular and low fat",$4.88,16 oz,,"Oikos, nonfat"
"Yogurt, plain",2025,$1.99,32 oz,,,"Fit & Active, non fat",$1.99,32 oz,,,"Kroger, low fat or fat free; best price seen: 3 for $5 w/ card",$2.09,24 oz,,,Publix,$2.18,32 oz,,"Great Value, nonfat"
